customer_id,gender,age_group,city,is_premium,signup_date
C00001,Male,18-24,Lucknow,True,2020-07-25
C00002,Female,18-24,Hyderabad,True,2020-08-26
C00003,Female,45-54,Hyderabad,False,2020-08-04
C00004,Female,18-24,Kolkata,False,2021-01-09
C00005,Male,18-24,Chennai,False,2021-03-28
C00006,Male,35-44,Chennai,False,2021-07-23
C00007,Male,25-34,Jaipur,False,2020-05-10
C00008,Female,35-44,Pune,False,2020-10-14
C00009,Female,18-24,Chennai,False,2021-02-11
C00010,Female,25-34,Delhi,False,2020-02-12
C00011,Male,18-24,Pune,False,2021-11-28
C00012,Female,18-24,Delhi,False,2020-04-21
C00013,Female,45-54,Hyderabad,False,2020-01-04
C00014,Male,18-24,Pune,False,2020-03-25
C00015,Male,25-34,Chennai,False,2020-05-20
C00016,Male,25-34,Bangalore,False,2021-04-03
C00017,Male,25-34,Kolkata,False,2021-07-17
C00018,Female,45-54,Delhi,False,2020-07-14
C00019,Male,18-24,Pune,False,2021-05-24
C00020,Male,35-44,Chennai,True,2021-08-26
C00021,Female,55+,Pune,False,2020-06-06
C00022,Male,25-34,Chennai,False,2021-05-18
C00023,Male,45-54,Chennai,True,2020-03-05
C00024,Male,18-24,Chennai,True,2020-04-28
C00025,Female,25-34,Jaipur,True,2020-04-23
C00026,Female,18-24,Kolkata,False,2020-06-17
C00027,Male,35-44,Bangalore,False,2020-03-29
C00028,Female,55+,Bangalore,False,2020-05-23
C00029,Female,18-24,Pune,False,2020-10-19
C00030,Male,35-44,Pune,False,2021-05-31
C00031,Female,18-24,Chennai,False,2020-03-24
C00032,Male,25-34,Jaipur,False,2020-04-28
C00033,Male,25-34,Chennai,False,2021-01-21
C00034,Female,55+,Jaipur,True,2021-12-04
C00035,Female,25-34,Chennai,False,2020-09-22
C00036,Female,25-34,Delhi,False,2021-11-26
C00037,Male,18-24,Delhi,False,2020-02-25
C00038,Male,18-24,Hyderabad,False,2020-01-31
C00039,Female,18-24,Chennai,False,2021-08-16
C00040,Male,18-24,Kolkata,False,2020-08-26
C00041,Male,45-54,Hyderabad,False,2021-10-26
C00042,Female,25-34,Pune,True,2020-07-18
C00043,Male,25-34,Lucknow,False,2021-04-23
C00044,Female,18-24,Chennai,False,2020-08-22
C00045,Male,45-54,Delhi,False,2021-04-04
C00046,Female,35-44,Lucknow,False,2021-09-17
C00047,Male,18-24,Jaipur,False,2021-03-11
C00048,Female,35-44,Lucknow,False,2021-10-11
C00049,Female,25-34,Kolkata,False,2020-11-06
C00050,Male,18-24,Chennai,False,2021-12-03
C00051,Female,25-34,Bangalore,False,2020-12-13
C00052,Female,25-34,Lucknow,False,2020-03-25
C00053,Female,18-24,Bangalore,True,2020-04-30
C00054,Female,45-54,Jaipur,False,2020-03-28
C00055,Female,45-54,Hyderabad,False,2020-02-28
C00056,Female,35-44,Bangalore,False,2021-10-17
C00057,Male,25-34,Hyderabad,True,2021-09-30
C00058,Male,25-34,Delhi,False,2020-11-21
C00059,Male,35-44,Chennai,True,2020-03-20
C00060,Male,25-34,Lucknow,True,2020-01-21
C00061,Male,18-24,Delhi,False,2021-11-29
C00062,Male,25-34,Delhi,False,2021-04-17
C00063,Female,35-44,Ahmedabad,False,2021-07-30
C00064,Male,25-34,Mumbai,False,2020-06-29
C00065,Male,18-24,Kolkata,False,2020-09-21
C00066,Female,35-44,Hyderabad,False,2021-10-06
C00067,Male,18-24,Ahmedabad,False,2021-01-14
C00068,Female,18-24,Mumbai,False,2020-08-19
C00069,Male,18-24,Kolkata,False,2020-06-12
C00070,Other,25-34,Hyderabad,False,2021-12-18
C00071,Female,35-44,Chennai,False,2020-03-22
C00072,Male,25-34,Kolkata,False,2020-11-12
C00073,Male,18-24,Lucknow,False,2020-05-19
C00074,Female,45-54,Delhi,False,2020-05-22
C00075,Female,45-54,Mumbai,False,2021-08-16
C00076,Female,45-54,Mumbai,False,2021-10-13
C00077,Female,18-24,Mumbai,False,2020-07-24
C00078,Male,25-34,Hyderabad,True,2021-09-09
C00079,Male,55+,Lucknow,False,2020-04-21
C00080,Male,35-44,Kolkata,False,2020-07-20
C00081,Female,18-24,Delhi,False,2020-04-27
C00082,Female,18-24,Lucknow,False,2021-05-28
C00083,Male,25-34,Ahmedabad,False,2021-05-15
C00084,Male,45-54,Chennai,False,2020-08-30
C00085,Male,25-34,Bangalore,True,2021-12-10
C00086,Male,25-34,Lucknow,False,2020-07-20
C00087,Female,18-24,Ahmedabad,False,2020-05-01
C00088,Female,35-44,Delhi,False,2021-03-04
C00089,Female,35-44,Bangalore,False,2020-06-22
C00090,Female,25-34,Bangalore,False,2021-08-27
C00091,Male,35-44,Lucknow,False,2021-05-11
C00092,Female,55+,Mumbai,True,2020-01-21
C00093,Female,18-24,Pune,False,2020-01-12
C00094,Female,25-34,Delhi,True,2020-12-23
C00095,Female,25-34,Mumbai,False,2020-02-19
C00096,Female,35-44,Delhi,True,2020-12-16
C00097,Female,25-34,Pune,False,2021-06-03
C00098,Male,35-44,Chennai,False,2021-06-21
C00099,Male,35-44,Pune,True,2020-02-23
C00100,Male,25-34,Jaipur,False,2021-08-29
C00101,Male,45-54,Lucknow,True,2020-11-04
C00102,Female,25-34,Lucknow,False,2020-11-22
C00103,Male,18-24,Ahmedabad,True,2020-07-11
C00104,Female,35-44,Mumbai,False,2021-01-02
C00105,Female,35-44,Ahmedabad,False,2021-06-17
C00106,Male,25-34,Jaipur,True,2021-08-31
C00107,Male,45-54,Pune,True,2020-10-05
C00108,Female,45-54,Lucknow,False,2020-07-26
C00109,Male,18-24,Hyderabad,False,2020-11-12
C00110,Male,55+,Pune,False,2020-07-12
C00111,Male,18-24,Pune,False,2021-09-20
C00112,Male,18-24,Jaipur,False,2020-03-28
C00113,Female,18-24,Chennai,False,2020-11-02
C00114,Female,45-54,Delhi,False,2021-10-01
C00115,Female,35-44,Jaipur,False,2021-01-29
C00116,Female,18-24,Delhi,False,2020-04-25
C00117,Female,25-34,Lucknow,True,2020-03-17
C00118,Male,25-34,Jaipur,True,2021-06-22
C00119,Female,18-24,Delhi,False,2020-07-31
C00120,Female,45-54,Ahmedabad,False,2021-10-21
C00121,Female,35-44,Jaipur,True,2021-12-08
C00122,Female,25-34,Lucknow,False,2020-11-18
C00123,Male,55+,Jaipur,False,2020-08-12
C00124,Male,25-34,Lucknow,False,2020-05-31
C00125,Male,55+,Jaipur,False,2021-04-28
C00126,Male,35-44,Delhi,True,2021-12-28
C00127,Female,35-44,Chennai,False,2021-01-16
C00128,Female,18-24,Kolkata,True,2021-12-21
C00129,Male,45-54,Delhi,False,2021-10-26
C00130,Female,25-34,Mumbai,True,2021-05-08
C00131,Male,18-24,Bangalore,False,2021-02-16
C00132,Male,18-24,Chennai,False,2021-06-11
C00133,Male,25-34,Ahmedabad,True,2020-11-03
C00134,Male,25-34,Pune,False,2021-11-22
C00135,Female,35-44,Delhi,False,2021-09-18
C00136,Male,45-54,Jaipur,True,2020-08-12
C00137,Female,18-24,Delhi,False,2021-09-20
C00138,Female,35-44,Hyderabad,False,2020-09-21
C00139,Male,18-24,Chennai,False,2021-11-23
C00140,Other,45-54,Kolkata,False,2021-03-10
C00141,Female,35-44,Ahmedabad,False,2021-08-25
C00142,Male,25-34,Hyderabad,True,2021-10-13
C00143,Female,35-44,Lucknow,False,2020-11-14
C00144,Male,25-34,Hyderabad,False,2020-02-24
C00145,Male,25-34,Delhi,False,2021-11-23
C00146,Male,35-44,Ahmedabad,False,2021-02-28
C00147,Female,25-34,Delhi,False,2020-08-03
C00148,Female,25-34,Lucknow,True,2021-01-29
C00149,Male,25-34,Pune,True,2020-05-23
C00150,Male,35-44,Ahmedabad,True,2021-08-23
C00151,Female,25-34,Pune,True,2020-02-01
C00152,Male,18-24,Chennai,False,2021-03-26
C00153,Male,35-44,Chennai,True,2021-04-27
C00154,Female,35-44,Pune,True,2020-04-03
C00155,Other,18-24,Chennai,True,2020-11-16
C00156,Male,18-24,Ahmedabad,True,2020-12-20
C00157,Female,18-24,Jaipur,True,2020-07-20
C00158,Female,25-34,Mumbai,True,2020-11-04
C00159,Male,25-34,Chennai,False,2021-09-05
C00160,Female,35-44,Chennai,False,2020-08-27
C00161,Male,35-44,Delhi,True,2021-09-26
C00162,Female,25-34,Pune,False,2020-05-23
C00163,Female,25-34,Bangalore,False,2020-01-10
C00164,Female,45-54,Kolkata,True,2021-04-01
C00165,Male,25-34,Hyderabad,True,2021-02-11
C00166,Female,55+,Chennai,False,2021-11-29
C00167,Male,35-44,Hyderabad,False,2021-12-22
C00168,Male,18-24,Ahmedabad,True,2020-02-29
C00169,Male,35-44,Bangalore,True,2021-09-30
C00170,Female,25-34,Kolkata,False,2021-02-10
C00171,Female,35-44,Pune,False,2020-05-16
C00172,Male,18-24,Mumbai,True,2020-03-23
C00173,Female,18-24,Kolkata,False,2020-12-18
C00174,Male,45-54,Kolkata,False,2020-11-15
C00175,Female,18-24,Mumbai,False,2020-08-31
C00176,Male,45-54,Jaipur,False,2020-01-31
C00177,Female,18-24,Pune,True,2020-10-19
C00178,Male,35-44,Delhi,True,2020-11-19
C00179,Female,35-44,Hyderabad,False,2021-12-22
C00180,Male,25-34,Chennai,True,2021-11-03
C00181,Male,25-34,Kolkata,False,2020-11-06
C00182,Male,18-24,Ahmedabad,False,2020-02-18
C00183,Female,18-24,Mumbai,False,2020-04-09
C00184,Female,25-34,Hyderabad,True,2020-01-15
C00185,Male,35-44,Bangalore,False,2020-12-12
C00186,Female,45-54,Mumbai,False,2020-06-05
C00187,Female,45-54,Bangalore,False,2020-04-28
C00188,Female,35-44,Pune,False,2020-09-15
C00189,Female,35-44,Kolkata,True,2021-04-29
C00190,Male,35-44,Ahmedabad,True,2021-01-23
C00191,Male,18-24,Chennai,False,2020-04-15
C00192,Female,45-54,Bangalore,False,2021-05-29
C00193,Female,35-44,Hyderabad,False,2020-02-27
C00194,Female,25-34,Jaipur,False,2021-07-18
C00195,Male,18-24,Pune,False,2020-07-03
C00196,Male,25-34,Jaipur,False,2020-09-28
C00197,Female,25-34,Pune,True,2020-07-03
C00198,Female,45-54,Delhi,False,2021-02-16
C00199,Female,25-34,Hyderabad,False,2020-02-21
C00200,Female,25-34,Jaipur,False,2020-09-27
C00201,Female,55+,Ahmedabad,False,2021-06-05
C00202,Male,18-24,Kolkata,True,2020-09-22
C00203,Male,25-34,Mumbai,True,2021-06-06
C00204,Female,18-24,Chennai,False,2021-06-01
C00205,Female,35-44,Kolkata,False,2021-03-16
C00206,Male,45-54,Kolkata,True,2020-04-19
C00207,Male,25-34,Pune,True,2021-01-01
C00208,Female,45-54,Ahmedabad,False,2020-08-24
C00209,Male,25-34,Pune,True,2021-03-21
C00210,Male,45-54,Lucknow,False,2021-06-23
C00211,Female,35-44,Bangalore,False,2020-02-05
C00212,Female,35-44,Chennai,True,2020-10-18
C00213,Female,18-24,Bangalore,True,2020-02-20
C00214,Male,55+,Mumbai,False,2021-08-06
C00215,Female,35-44,Lucknow,False,2021-09-16
C00216,Male,25-34,Hyderabad,False,2020-04-17
C00217,Male,35-44,Mumbai,False,2020-08-22
C00218,Female,25-34,Mumbai,True,2021-08-18
C00219,Female,45-54,Delhi,False,2021-06-19
C00220,Female,18-24,Chennai,False,2020-05-27
C00221,Female,35-44,Pune,True,2021-02-04
C00222,Female,25-34,Ahmedabad,False,2020-08-30
C00223,Male,18-24,Bangalore,True,2021-05-14
C00224,Male,18-24,Mumbai,False,2021-03-29
C00225,Male,18-24,Bangalore,True,2020-01-09
C00226,Male,25-34,Bangalore,False,2021-07-05
C00227,Other,25-34,Hyderabad,False,2020-12-28
C00228,Male,25-34,Chennai,False,2020-04-25
C00229,Female,25-34,Chennai,False,2021-07-11
C00230,Female,25-34,Jaipur,False,2021-03-04
C00231,Female,35-44,Kolkata,True,2020-10-09
C00232,Female,18-24,Chennai,True,2021-01-15
C00233,Female,45-54,Bangalore,True,2021-01-31
C00234,Female,45-54,Pune,True,2021-04-12
C00235,Male,35-44,Bangalore,False,2020-10-30
C00236,Female,25-34,Pune,False,2020-10-03
C00237,Male,45-54,Jaipur,False,2020-09-12
C00238,Male,18-24,Pune,True,2021-11-11
C00239,Female,18-24,Chennai,False,2020-09-28
C00240,Male,18-24,Hyderabad,False,2020-02-06
C00241,Female,35-44,Pune,True,2020-12-03
C00242,Female,18-24,Bangalore,False,2020-07-28
C00243,Female,25-34,Ahmedabad,False,2020-11-21
C00244,Male,55+,Chennai,False,2020-04-18
C00245,Male,45-54,Ahmedabad,False,2020-02-23
C00246,Female,25-34,Lucknow,False,2021-08-20
C00247,Male,18-24,Lucknow,True,2021-02-17
C00248,Female,45-54,Bangalore,False,2021-03-21
C00249,Female,25-34,Lucknow,False,2021-03-12
C00250,Female,18-24,Kolkata,True,2021-10-02
C00251,Male,18-24,Jaipur,False,2020-05-18
C00252,Male,45-54,Chennai,False,2021-12-06
C00253,Female,35-44,Ahmedabad,False,2020-12-12
C00254,Male,35-44,Bangalore,False,2020-09-05
C00255,Male,45-54,Kolkata,False,2021-08-03
C00256,Female,25-34,Bangalore,False,2020-03-11
C00257,Female,25-34,Kolkata,False,2020-04-29
C00258,Female,25-34,Lucknow,True,2021-01-23
C00259,Female,25-34,Lucknow,False,2021-03-07
C00260,Male,25-34,Pune,True,2021-07-13
C00261,Female,35-44,Delhi,False,2020-07-18
C00262,Other,25-34,Bangalore,True,2021-09-27
C00263,Male,45-54,Pune,False,2020-08-23
C00264,Female,25-34,Chennai,False,2020-04-27
C00265,Female,25-34,Pune,False,2021-07-19
C00266,Female,35-44,Mumbai,False,2020-04-09
C00267,Female,25-34,Lucknow,True,2021-12-08
C00268,Female,35-44,Mumbai,False,2020-03-06
C00269,Male,18-24,Bangalore,False,2021-10-07
C00270,Male,25-34,Ahmedabad,False,2020-09-17
C00271,Female,18-24,Ahmedabad,True,2021-07-03
C00272,Female,25-34,Chennai,False,2020-05-01
C00273,Female,25-34,Pune,False,2020-12-24
C00274,Female,35-44,Ahmedabad,False,2021-09-25
C00275,Female,55+,Kolkata,True,2020-11-11
C00276,Female,25-34,Kolkata,False,2021-03-10
C00277,Female,35-44,Chennai,False,2020-09-06
C00278,Female,25-34,Jaipur,False,2020-03-29
C00279,Female,35-44,Lucknow,False,2021-03-09
C00280,Female,18-24,Pune,False,2021-06-04
C00281,Female,18-24,Bangalore,True,2021-12-22
C00282,Male,25-34,Hyderabad,False,2020-11-08
C00283,Male,25-34,Hyderabad,False,2021-03-14
C00284,Male,18-24,Hyderabad,True,2021-04-03
C00285,Female,18-24,Ahmedabad,False,2021-08-21
C00286,Male,18-24,Jaipur,False,2021-02-22
C00287,Female,55+,Jaipur,False,2020-01-14
C00288,Female,25-34,Pune,False,2021-05-29
C00289,Male,25-34,Pune,True,2020-10-21
C00290,Female,18-24,Jaipur,False,2020-06-14
C00291,Male,25-34,Chennai,False,2020-07-04
C00292,Male,25-34,Pune,True,2021-05-06
C00293,Female,18-24,Chennai,False,2020-10-13
C00294,Male,25-34,Mumbai,False,2020-04-05
C00295,Male,18-24,Kolkata,False,2021-12-21
C00296,Female,18-24,Lucknow,True,2021-02-17
C00297,Female,18-24,Pune,False,2021-07-22
C00298,Male,18-24,Jaipur,True,2021-03-24
C00299,Female,18-24,Kolkata,False,2021-03-04
C00300,Male,25-34,Kolkata,True,2020-07-05
C00301,Male,35-44,Delhi,False,2021-10-25
C00302,Female,25-34,Jaipur,False,2020-12-23
C00303,Female,25-34,Lucknow,False,2020-11-16
C00304,Female,25-34,Jaipur,False,2021-01-06
C00305,Female,45-54,Pune,True,2020-07-16
C00306,Other,25-34,Bangalore,False,2021-03-27
C00307,Female,18-24,Mumbai,False,2020-02-12
C00308,Male,25-34,Chennai,False,2021-01-15
C00309,Female,18-24,Bangalore,True,2020-11-11
C00310,Male,25-34,Mumbai,False,2020-05-09
C00311,Male,25-34,Bangalore,False,2021-06-15
C00312,Male,45-54,Chennai,False,2021-11-08
C00313,Male,25-34,Ahmedabad,True,2020-08-03
C00314,Female,35-44,Jaipur,True,2021-01-14
C00315,Female,55+,Bangalore,False,2020-03-18
C00316,Female,18-24,Pune,False,2020-01-15
C00317,Male,18-24,Lucknow,False,2021-03-16
C00318,Male,25-34,Hyderabad,False,2021-03-04
C00319,Male,25-34,Pune,False,2021-03-10
C00320,Male,25-34,Chennai,False,2021-05-10
C00321,Female,45-54,Lucknow,False,2020-06-10
C00322,Female,35-44,Pune,False,2020-06-26
C00323,Female,25-34,Kolkata,True,2021-01-17
C00324,Male,25-34,Jaipur,False,2021-11-30
C00325,Female,35-44,Lucknow,False,2021-05-21
C00326,Female,55+,Kolkata,True,2021-06-02
C00327,Female,35-44,Pune,False,2020-05-19
C00328,Female,18-24,Mumbai,True,2021-10-30
C00329,Male,35-44,Delhi,False,2020-05-23
C00330,Male,18-24,Mumbai,False,2020-08-31
C00331,Male,18-24,Jaipur,False,2020-07-16
C00332,Female,18-24,Lucknow,False,2021-02-20
C00333,Male,25-34,Lucknow,True,2020-08-23
C00334,Male,35-44,Jaipur,False,2020-10-14
C00335,Male,18-24,Kolkata,True,2020-06-19
C00336,Male,25-34,Delhi,False,2021-02-09
C00337,Female,25-34,Pune,False,2021-01-21
C00338,Female,25-34,Chennai,False,2020-09-19
C00339,Female,18-24,Mumbai,False,2021-10-15
C00340,Male,25-34,Mumbai,False,2021-02-17
C00341,Female,35-44,Hyderabad,False,2020-01-23
C00342,Female,18-24,Delhi,False,2021-12-05
C00343,Male,18-24,Chennai,False,2021-05-16
C00344,Male,25-34,Mumbai,False,2021-05-17
C00345,Male,45-54,Chennai,False,2020-09-26
C00346,Female,35-44,Pune,False,2021-10-16
C00347,Female,35-44,Lucknow,True,2020-09-30
C00348,Male,25-34,Chennai,False,2021-10-24
C00349,Male,25-34,Mumbai,True,2021-10-24
C00350,Female,18-24,Kolkata,False,2020-07-19
C00351,Female,35-44,Delhi,True,2021-05-10
C00352,Female,45-54,Jaipur,False,2020-01-19
C00353,Female,25-34,Bangalore,True,2021-12-05
C00354,Male,45-54,Ahmedabad,False,2021-02-11
C00355,Male,35-44,Ahmedabad,False,2021-10-11
C00356,Female,18-24,Bangalore,False,2021-04-20
C00357,Male,45-54,Chennai,False,2020-01-04
C00358,Female,18-24,Delhi,False,2020-03-24
C00359,Female,25-34,Chennai,True,2021-11-27
C00360,Female,18-24,Jaipur,True,2020-11-16
C00361,Male,18-24,Delhi,False,2020-09-16
C00362,Female,25-34,Bangalore,False,2021-08-02
C00363,Female,25-34,Chennai,True,2021-09-18
C00364,Female,25-34,Hyderabad,False,2020-03-12
C00365,Female,25-34,Mumbai,False,2020-01-25
C00366,Male,18-24,Kolkata,False,2020-01-08
C00367,Female,18-24,Lucknow,False,2020-06-04
C00368,Female,25-34,Kolkata,False,2020-09-04
C00369,Male,25-34,Jaipur,False,2021-04-24
C00370,Male,35-44,Chennai,False,2021-08-29
C00371,Male,35-44,Pune,False,2021-11-05
C00372,Male,45-54,Delhi,False,2020-08-13
C00373,Male,35-44,Chennai,True,2020-06-08
C00374,Female,25-34,Delhi,True,2020-05-08
C00375,Male,35-44,Lucknow,False,2020-03-05
C00376,Male,18-24,Hyderabad,False,2020-03-30
C00377,Female,25-34,Kolkata,False,2020-01-03
C00378,Male,35-44,Mumbai,True,2021-07-07
C00379,Female,25-34,Lucknow,True,2020-06-23
C00380,Male,35-44,Lucknow,False,2020-10-30
C00381,Male,35-44,Kolkata,True,2021-06-25
C00382,Female,45-54,Lucknow,False,2020-01-16
C00383,Female,45-54,Pune,True,2020-03-17
C00384,Female,25-34,Pune,True,2021-09-30
C00385,Female,25-34,Ahmedabad,False,2021-12-13
C00386,Female,25-34,Ahmedabad,False,2020-08-17
C00387,Male,25-34,Pune,False,2020-10-17
C00388,Male,25-34,Bangalore,True,2020-02-18
C00389,Female,35-44,Hyderabad,False,2021-07-15
C00390,Female,35-44,Delhi,True,2021-11-01
C00391,Other,25-34,Hyderabad,False,2021-06-26
C00392,Male,18-24,Jaipur,False,2021-12-19
C00393,Male,25-34,Lucknow,True,2021-12-06
C00394,Female,18-24,Mumbai,False,2020-03-05
C00395,Male,45-54,Lucknow,True,2021-04-20
C00396,Female,25-34,Hyderabad,False,2021-03-08
C00397,Female,18-24,Pune,False,2021-12-19
C00398,Male,18-24,Kolkata,False,2021-06-18
C00399,Female,35-44,Jaipur,False,2020-05-24
C00400,Female,35-44,Pune,False,2020-10-09
C00401,Male,25-34,Hyderabad,False,2020-06-30
C00402,Female,18-24,Kolkata,False,2021-02-09
C00403,Female,25-34,Mumbai,False,2021-05-20
C00404,Female,25-34,Hyderabad,False,2021-01-14
C00405,Male,35-44,Delhi,False,2021-05-11
C00406,Female,25-34,Chennai,True,2020-04-29
C00407,Male,25-34,Kolkata,True,2021-05-29
C00408,Male,18-24,Hyderabad,False,2020-09-07
C00409,Female,55+,Pune,False,2021-09-24
C00410,Male,25-34,Delhi,False,2020-08-18
C00411,Male,35-44,Bangalore,False,2020-03-06
C00412,Female,18-24,Kolkata,False,2020-10-14
C00413,Female,25-34,Delhi,False,2020-11-19
C00414,Female,18-24,Pune,False,2020-01-31
C00415,Female,25-34,Hyderabad,True,2020-10-01
C00416,Male,55+,Lucknow,False,2021-06-26
C00417,Male,25-34,Mumbai,True,2021-06-02
C00418,Male,18-24,Lucknow,False,2020-08-05
C00419,Female,18-24,Chennai,False,2020-07-14
C00420,Female,25-34,Delhi,False,2021-05-25
C00421,Female,18-24,Chennai,False,2021-04-24
C00422,Female,18-24,Mumbai,True,2020-01-09
C00423,Male,35-44,Delhi,False,2021-10-19
C00424,Female,25-34,Ahmedabad,True,2021-03-12
C00425,Male,25-34,Pune,False,2021-11-17
C00426,Female,45-54,Delhi,False,2020-05-12
C00427,Male,18-24,Pune,False,2021-10-26
C00428,Female,55+,Lucknow,False,2020-08-27
C00429,Male,25-34,Jaipur,True,2021-11-21
C00430,Male,45-54,Kolkata,True,2020-08-28
C00431,Male,25-34,Jaipur,False,2020-04-26
C00432,Female,35-44,Hyderabad,False,2021-03-16
C00433,Female,55+,Kolkata,True,2020-12-16
C00434,Male,25-34,Kolkata,False,2021-03-14
C00435,Male,55+,Bangalore,False,2021-05-27
C00436,Female,25-34,Kolkata,False,2020-05-25
C00437,Male,25-34,Mumbai,False,2021-06-17
C00438,Female,25-34,Jaipur,False,2020-07-23
C00439,Female,25-34,Lucknow,False,2021-08-04
C00440,Male,18-24,Pune,False,2021-07-03
C00441,Male,25-34,Hyderabad,True,2021-05-01
C00442,Other,25-34,Kolkata,False,2020-10-28
C00443,Male,35-44,Hyderabad,False,2021-02-04
C00444,Male,45-54,Lucknow,False,2020-07-07
C00445,Female,25-34,Hyderabad,True,2021-07-30
C00446,Female,25-34,Lucknow,False,2021-12-25
C00447,Other,18-24,Kolkata,True,2020-06-14
C00448,Female,18-24,Lucknow,True,2020-05-12
C00449,Male,18-24,Kolkata,False,2021-11-19
C00450,Male,25-34,Bangalore,False,2020-10-13
C00451,Female,18-24,Bangalore,False,2021-03-31
C00452,Female,55+,Lucknow,False,2020-06-01
C00453,Male,25-34,Bangalore,True,2020-04-03
C00454,Female,25-34,Pune,False,2020-04-20
C00455,Male,25-34,Pune,False,2020-06-13
C00456,Female,18-24,Bangalore,False,2021-06-19
C00457,Male,25-34,Bangalore,False,2020-05-19
C00458,Female,25-34,Ahmedabad,False,2020-12-08
C00459,Male,25-34,Ahmedabad,False,2021-11-24
C00460,Male,25-34,Kolkata,True,2021-02-02
C00461,Male,55+,Lucknow,False,2020-02-14
C00462,Female,45-54,Chennai,False,2020-03-24
C00463,Female,25-34,Chennai,True,2021-10-19
C00464,Female,25-34,Bangalore,False,2020-07-07
C00465,Female,25-34,Hyderabad,False,2020-05-23
C00466,Male,18-24,Bangalore,False,2021-06-17
C00467,Male,25-34,Ahmedabad,True,2021-01-22
C00468,Female,18-24,Kolkata,True,2020-07-31
C00469,Male,25-34,Bangalore,False,2021-02-15
C00470,Female,25-34,Jaipur,False,2021-10-11
C00471,Male,18-24,Hyderabad,False,2020-08-04
C00472,Female,55+,Jaipur,False,2020-03-07
C00473,Male,45-54,Kolkata,False,2020-09-12
C00474,Female,35-44,Kolkata,False,2020-06-16
C00475,Female,25-34,Pune,False,2021-04-15
C00476,Other,45-54,Delhi,False,2021-08-21
C00477,Male,18-24,Jaipur,False,2020-09-19
C00478,Female,35-44,Pune,True,2021-05-07
C00479,Female,18-24,Ahmedabad,False,2020-04-14
C00480,Female,35-44,Mumbai,False,2021-10-04
C00481,Female,18-24,Hyderabad,False,2021-02-19
C00482,Female,45-54,Mumbai,False,2021-03-18
C00483,Female,45-54,Lucknow,False,2020-02-17
C00484,Female,18-24,Ahmedabad,False,2021-09-12
C00485,Female,25-34,Ahmedabad,False,2021-12-25
C00486,Female,55+,Mumbai,False,2021-07-12
C00487,Male,25-34,Jaipur,False,2020-05-13
C00488,Male,45-54,Delhi,False,2021-08-02
C00489,Female,25-34,Jaipur,False,2021-07-10
C00490,Female,25-34,Mumbai,True,2021-09-29
C00491,Female,25-34,Lucknow,False,2020-07-28
C00492,Female,18-24,Jaipur,True,2021-11-12
C00493,Male,35-44,Chennai,False,2021-05-05
C00494,Male,25-34,Jaipur,True,2021-06-09
C00495,Female,25-34,Kolkata,False,2020-11-22
C00496,Male,25-34,Pune,False,2020-07-17
C00497,Female,25-34,Hyderabad,False,2020-12-09
C00498,Male,45-54,Jaipur,True,2020-02-22
C00499,Other,55+,Delhi,False,2020-02-07
C00500,Other,25-34,Delhi,False,2021-04-13
C00501,Female,35-44,Jaipur,False,2020-06-13
C00502,Female,35-44,Bangalore,False,2020-07-11
C00503,Male,25-34,Ahmedabad,True,2020-03-21
C00504,Female,55+,Jaipur,False,2021-02-09
C00505,Female,18-24,Ahmedabad,False,2020-12-10
C00506,Male,18-24,Chennai,False,2021-03-04
C00507,Female,45-54,Mumbai,True,2020-04-21
C00508,Female,25-34,Chennai,False,2021-07-18
C00509,Female,45-54,Jaipur,True,2021-07-11
C00510,Female,45-54,Delhi,False,2021-04-04
C00511,Female,18-24,Bangalore,False,2021-07-17
C00512,Male,45-54,Lucknow,False,2020-11-18
C00513,Female,25-34,Ahmedabad,False,2021-09-25
C00514,Female,25-34,Pune,False,2021-05-13
C00515,Male,25-34,Ahmedabad,False,2020-03-06
C00516,Male,45-54,Kolkata,False,2021-03-09
C00517,Male,18-24,Hyderabad,False,2020-07-04
C00518,Female,25-34,Jaipur,False,2021-10-11
C00519,Other,35-44,Chennai,True,2021-07-05
C00520,Male,35-44,Pune,False,2020-05-22
C00521,Female,35-44,Delhi,False,2020-06-24
C00522,Male,18-24,Delhi,True,2021-03-26
C00523,Female,25-34,Delhi,False,2020-02-05
C00524,Female,25-34,Lucknow,False,2020-03-08
C00525,Female,35-44,Kolkata,False,2020-01-30
C00526,Female,18-24,Delhi,True,2021-02-23
C00527,Male,18-24,Delhi,True,2021-08-10
C00528,Male,55+,Jaipur,True,2020-10-01
C00529,Male,18-24,Kolkata,False,2020-08-20
C00530,Female,55+,Bangalore,False,2021-10-02
C00531,Female,35-44,Bangalore,False,2020-06-06
C00532,Other,35-44,Kolkata,True,2021-12-19
C00533,Other,25-34,Hyderabad,True,2021-01-14
C00534,Female,18-24,Lucknow,False,2021-05-05
C00535,Female,35-44,Pune,False,2020-07-10
C00536,Female,45-54,Ahmedabad,False,2021-05-18
C00537,Female,35-44,Jaipur,True,2020-05-08
C00538,Male,18-24,Mumbai,False,2020-10-24
C00539,Female,35-44,Bangalore,False,2020-06-01
C00540,Male,35-44,Kolkata,True,2020-01-10
C00541,Female,35-44,Pune,True,2020-08-24
C00542,Female,35-44,Kolkata,False,2020-01-13
C00543,Male,45-54,Ahmedabad,False,2021-12-11
C00544,Female,25-34,Pune,False,2021-04-30
C00545,Female,18-24,Bangalore,False,2021-10-15
C00546,Male,25-34,Delhi,False,2021-06-24
C00547,Male,18-24,Kolkata,True,2020-04-29
C00548,Female,25-34,Mumbai,False,2021-12-09
C00549,Female,25-34,Bangalore,False,2020-12-18
C00550,Female,18-24,Chennai,True,2020-11-13
C00551,Female,25-34,Mumbai,False,2020-11-18
C00552,Female,18-24,Hyderabad,True,2021-01-20
C00553,Female,35-44,Lucknow,False,2020-06-03
C00554,Female,45-54,Bangalore,False,2021-09-26
C00555,Female,18-24,Delhi,False,2021-05-20
C00556,Male,55+,Bangalore,False,2020-10-09
C00557,Male,25-34,Ahmedabad,True,2020-08-15
C00558,Male,25-34,Pune,False,2021-03-12
C00559,Female,18-24,Kolkata,False,2020-04-02
C00560,Female,25-34,Pune,False,2021-03-04
C00561,Female,35-44,Pune,False,2021-03-13
C00562,Male,35-44,Bangalore,False,2021-12-06
C00563,Male,18-24,Ahmedabad,True,2020-11-25
C00564,Male,18-24,Kolkata,False,2020-08-02
C00565,Male,25-34,Kolkata,True,2021-10-10
C00566,Female,25-34,Pune,True,2021-05-24
C00567,Male,18-24,Hyderabad,False,2020-06-10
C00568,Male,25-34,Lucknow,False,2021-04-09
C00569,Female,35-44,Ahmedabad,True,2021-07-09
C00570,Male,45-54,Hyderabad,False,2020-08-29
C00571,Female,25-34,Jaipur,True,2021-08-11
C00572,Female,45-54,Jaipur,False,2020-03-19
C00573,Male,25-34,Mumbai,False,2021-10-16
C00574,Female,25-34,Pune,False,2020-08-04
C00575,Female,18-24,Kolkata,True,2021-01-02
C00576,Female,35-44,Bangalore,False,2020-04-06
C00577,Male,55+,Kolkata,False,2021-10-01
C00578,Female,25-34,Kolkata,False,2020-08-25
C00579,Female,25-34,Delhi,False,2020-11-10
C00580,Male,35-44,Kolkata,False,2021-01-16
C00581,Female,18-24,Mumbai,True,2021-01-08
C00582,Other,45-54,Hyderabad,False,2020-07-23
C00583,Female,25-34,Jaipur,False,2020-02-17
C00584,Male,25-34,Kolkata,True,2021-10-27
C00585,Female,25-34,Kolkata,False,2021-12-18
C00586,Male,25-34,Delhi,True,2020-05-23
C00587,Male,18-24,Ahmedabad,False,2021-10-15
C00588,Male,35-44,Bangalore,False,2020-01-12
C00589,Male,18-24,Ahmedabad,False,2020-10-06
C00590,Male,35-44,Bangalore,False,2020-09-13
C00591,Male,35-44,Lucknow,False,2021-08-09
C00592,Female,35-44,Kolkata,False,2021-07-10
C00593,Male,25-34,Delhi,True,2020-09-07
C00594,Male,25-34,Chennai,False,2020-03-08
C00595,Female,18-24,Pune,True,2020-01-15
C00596,Female,35-44,Jaipur,False,2021-08-10
C00597,Female,18-24,Hyderabad,False,2021-09-26
C00598,Male,25-34,Jaipur,False,2021-11-21
C00599,Male,25-34,Hyderabad,False,2020-04-08
C00600,Male,18-24,Lucknow,False,2021-05-31
C00601,Male,25-34,Ahmedabad,False,2021-12-31
C00602,Male,18-24,Mumbai,True,2021-07-22
C00603,Male,35-44,Kolkata,False,2021-04-28
C00604,Male,25-34,Chennai,True,2020-01-09
C00605,Male,18-24,Hyderabad,True,2020-12-15
C00606,Female,25-34,Pune,False,2021-08-05
C00607,Male,18-24,Hyderabad,True,2021-05-02
C00608,Male,18-24,Mumbai,False,2021-05-05
C00609,Female,35-44,Jaipur,True,2021-12-18
C00610,Female,18-24,Delhi,True,2021-09-25
C00611,Male,45-54,Jaipur,True,2020-08-12
C00612,Female,18-24,Lucknow,False,2021-10-06
C00613,Female,18-24,Delhi,True,2021-07-17
C00614,Male,35-44,Jaipur,False,2021-04-20
C00615,Female,25-34,Pune,True,2020-06-27
C00616,Female,18-24,Jaipur,False,2020-11-02
C00617,Male,25-34,Pune,True,2020-08-17
C00618,Male,18-24,Pune,False,2020-11-14
C00619,Female,45-54,Delhi,False,2020-08-20
C00620,Female,25-34,Ahmedabad,True,2021-12-30
C00621,Male,35-44,Bangalore,False,2020-02-22
C00622,Male,45-54,Kolkata,False,2021-10-13
C00623,Male,25-34,Hyderabad,False,2021-03-11
C00624,Female,45-54,Bangalore,False,2020-06-18
C00625,Female,25-34,Mumbai,False,2021-02-18
C00626,Male,55+,Ahmedabad,False,2020-02-10
C00627,Female,18-24,Bangalore,False,2021-01-25
C00628,Female,35-44,Delhi,False,2020-04-03
C00629,Male,25-34,Mumbai,False,2020-05-20
C00630,Male,25-34,Chennai,False,2020-01-16
C00631,Female,35-44,Ahmedabad,False,2020-02-25
C00632,Female,35-44,Bangalore,True,2020-03-17
C00633,Female,18-24,Mumbai,False,2020-07-16
C00634,Female,18-24,Chennai,True,2021-04-09
C00635,Male,35-44,Jaipur,False,2021-10-16
C00636,Male,35-44,Mumbai,False,2020-08-17
C00637,Female,55+,Delhi,False,2020-01-18
C00638,Male,35-44,Jaipur,True,2020-07-20
C00639,Male,55+,Delhi,False,2020-02-24
C00640,Male,35-44,Bangalore,False,2020-05-24
C00641,Male,25-34,Kolkata,False,2021-09-04
C00642,Male,18-24,Bangalore,False,2021-07-04
C00643,Male,35-44,Jaipur,False,2021-04-27
C00644,Male,35-44,Pune,True,2021-09-01
C00645,Male,18-24,Bangalore,True,2020-11-03
C00646,Female,25-34,Jaipur,False,2020-01-20
C00647,Female,55+,Mumbai,True,2020-06-25
C00648,Female,25-34,Lucknow,False,2021-02-26
C00649,Female,25-34,Bangalore,False,2021-12-29
C00650,Female,25-34,Mumbai,False,2021-05-18
C00651,Male,18-24,Delhi,True,2020-12-13
C00652,Female,25-34,Ahmedabad,False,2021-05-10
C00653,Female,25-34,Kolkata,False,2021-10-12
C00654,Female,18-24,Delhi,False,2021-02-12
C00655,Male,35-44,Delhi,True,2021-07-01
C00656,Male,25-34,Jaipur,False,2020-03-09
C00657,Male,35-44,Pune,False,2021-10-19
C00658,Male,45-54,Hyderabad,False,2021-11-27
C00659,Female,18-24,Lucknow,False,2021-12-29
C00660,Female,35-44,Pune,True,2021-05-07
C00661,Male,25-34,Jaipur,True,2020-09-06
C00662,Other,45-54,Kolkata,False,2020-07-17
C00663,Female,18-24,Lucknow,False,2021-02-05
C00664,Male,35-44,Lucknow,False,2020-08-20
C00665,Male,25-34,Jaipur,True,2021-04-14
C00666,Male,25-34,Chennai,True,2020-09-01
C00667,Male,18-24,Delhi,True,2021-12-03
C00668,Male,35-44,Ahmedabad,True,2021-03-22
C00669,Male,35-44,Chennai,False,2020-06-03
C00670,Male,25-34,Jaipur,False,2020-05-25
C00671,Male,35-44,Chennai,False,2020-07-28
C00672,Female,25-34,Ahmedabad,False,2021-08-05
C00673,Male,35-44,Jaipur,True,2021-07-05
C00674,Female,18-24,Jaipur,False,2020-01-05
C00675,Male,45-54,Lucknow,True,2021-10-18
C00676,Other,25-34,Chennai,False,2021-08-23
C00677,Male,25-34,Mumbai,False,2021-09-29
C00678,Male,18-24,Bangalore,False,2021-05-07
C00679,Female,18-24,Jaipur,False,2021-08-01
C00680,Female,25-34,Chennai,False,2021-01-03
C00681,Female,18-24,Hyderabad,False,2021-01-19
C00682,Male,45-54,Kolkata,True,2020-03-14
C00683,Male,18-24,Hyderabad,False,2021-12-07
C00684,Female,25-34,Chennai,False,2021-05-13
C00685,Female,25-34,Delhi,True,2020-10-23
C00686,Female,18-24,Delhi,False,2020-10-17
C00687,Female,18-24,Chennai,False,2021-01-16
C00688,Male,25-34,Lucknow,False,2020-05-16
C00689,Female,25-34,Lucknow,False,2021-11-17
C00690,Male,25-34,Jaipur,False,2020-05-16
C00691,Male,25-34,Ahmedabad,False,2021-01-05
C00692,Male,25-34,Bangalore,False,2021-09-26
C00693,Female,18-24,Jaipur,False,2020-03-26
C00694,Male,25-34,Hyderabad,False,2020-09-15
C00695,Male,55+,Bangalore,False,2021-09-04
C00696,Female,25-34,Hyderabad,False,2021-12-08
C00697,Male,35-44,Lucknow,False,2021-09-20
C00698,Female,25-34,Chennai,False,2020-10-14
C00699,Male,35-44,Ahmedabad,False,2021-08-24
C00700,Female,35-44,Hyderabad,False,2021-07-21
C00701,Female,25-34,Lucknow,False,2021-12-14
C00702,Male,55+,Ahmedabad,True,2020-07-23
C00703,Male,18-24,Jaipur,False,2020-05-20
C00704,Male,18-24,Chennai,False,2020-05-30
C00705,Male,35-44,Kolkata,True,2021-09-30
C00706,Other,35-44,Delhi,True,2020-03-13
C00707,Male,18-24,Pune,False,2020-08-29
C00708,Female,18-24,Ahmedabad,True,2020-03-17
C00709,Male,18-24,Kolkata,False,2021-02-09
C00710,Female,25-34,Kolkata,False,2021-02-17
C00711,Female,35-44,Ahmedabad,False,2020-06-08
C00712,Female,25-34,Kolkata,False,2021-10-25
C00713,Female,25-34,Hyderabad,False,2020-12-17
C00714,Male,25-34,Kolkata,False,2020-05-01
C00715,Male,18-24,Lucknow,False,2020-05-05
C00716,Female,25-34,Bangalore,False,2020-02-04
C00717,Female,35-44,Hyderabad,False,2020-08-10
C00718,Female,55+,Kolkata,False,2021-08-03
C00719,Male,45-54,Jaipur,True,2021-12-18
C00720,Female,18-24,Delhi,False,2021-01-17
C00721,Female,45-54,Chennai,True,2020-12-22
C00722,Male,35-44,Kolkata,False,2021-07-10
C00723,Male,35-44,Mumbai,True,2021-10-02
C00724,Female,25-34,Delhi,False,2020-10-31
C00725,Female,25-34,Jaipur,False,2020-06-23
C00726,Female,25-34,Lucknow,True,2020-01-07
C00727,Male,18-24,Kolkata,False,2020-06-27
C00728,Female,18-24,Lucknow,False,2020-06-01
C00729,Male,18-24,Kolkata,False,2020-10-08
C00730,Male,25-34,Pune,False,2020-01-13
C00731,Male,35-44,Bangalore,False,2020-09-21
C00732,Female,25-34,Lucknow,False,2020-04-14
C00733,Female,18-24,Bangalore,False,2020-02-11
C00734,Female,55+,Delhi,False,2020-02-23
C00735,Male,45-54,Pune,True,2021-03-29
C00736,Female,35-44,Chennai,False,2021-11-05
C00737,Male,55+,Hyderabad,False,2021-08-29
C00738,Female,25-34,Bangalore,True,2021-11-19
C00739,Male,55+,Pune,False,2021-10-17
C00740,Male,18-24,Bangalore,False,2021-08-20
C00741,Female,25-34,Ahmedabad,False,2021-04-28
C00742,Male,18-24,Jaipur,True,2020-12-01
C00743,Female,18-24,Chennai,False,2020-07-31
C00744,Female,18-24,Jaipur,False,2021-08-01
C00745,Male,25-34,Kolkata,False,2020-08-29
C00746,Female,35-44,Bangalore,False,2020-08-05
C00747,Male,25-34,Kolkata,False,2020-11-20
C00748,Female,18-24,Mumbai,False,2020-03-13
C00749,Female,35-44,Bangalore,True,2021-10-12
C00750,Female,35-44,Pune,False,2021-08-25
C00751,Male,25-34,Chennai,False,2021-02-23
C00752,Female,35-44,Kolkata,False,2021-10-01
C00753,Female,18-24,Bangalore,False,2020-11-14
C00754,Male,25-34,Mumbai,True,2021-03-17
C00755,Male,45-54,Jaipur,True,2021-06-08
C00756,Female,25-34,Pune,False,2021-08-30
C00757,Female,25-34,Ahmedabad,False,2021-05-02
C00758,Female,45-54,Bangalore,False,2020-10-15
C00759,Female,35-44,Ahmedabad,False,2020-11-07
C00760,Female,18-24,Delhi,True,2021-09-04
C00761,Male,18-24,Chennai,False,2021-10-02
C00762,Male,18-24,Bangalore,False,2021-12-13
C00763,Male,35-44,Lucknow,False,2021-12-23
C00764,Female,25-34,Mumbai,False,2020-03-30
C00765,Male,18-24,Kolkata,False,2021-11-30
C00766,Female,55+,Lucknow,False,2020-07-17
C00767,Female,25-34,Delhi,False,2020-04-05
C00768,Female,18-24,Chennai,False,2021-10-22
C00769,Male,25-34,Jaipur,False,2021-02-17
C00770,Female,35-44,Pune,True,2020-01-30
C00771,Male,18-24,Ahmedabad,True,2020-05-03
C00772,Female,18-24,Delhi,True,2021-01-09
C00773,Male,35-44,Kolkata,False,2020-06-24
C00774,Male,25-34,Pune,False,2020-05-03
C00775,Female,25-34,Jaipur,False,2021-04-22
C00776,Male,25-34,Kolkata,False,2020-03-21
C00777,Male,18-24,Mumbai,False,2021-01-23
C00778,Female,18-24,Ahmedabad,False,2020-12-12
C00779,Female,25-34,Lucknow,True,2020-01-03
C00780,Female,18-24,Bangalore,False,2020-04-26
C00781,Female,18-24,Delhi,False,2021-04-12
C00782,Female,45-54,Bangalore,False,2021-12-25
C00783,Male,55+,Pune,False,2020-10-01
C00784,Male,35-44,Bangalore,False,2020-08-06
C00785,Male,45-54,Lucknow,False,2020-09-13
C00786,Female,18-24,Hyderabad,False,2020-01-26
C00787,Female,55+,Pune,False,2020-04-12
C00788,Male,18-24,Ahmedabad,True,2021-02-08
C00789,Female,55+,Kolkata,False,2021-11-17
C00790,Female,55+,Ahmedabad,False,2021-01-19
C00791,Male,35-44,Bangalore,True,2020-08-16
C00792,Female,55+,Chennai,False,2020-10-15
C00793,Female,25-34,Pune,False,2020-12-05
C00794,Female,18-24,Kolkata,False,2021-01-24
C00795,Male,25-34,Jaipur,False,2021-06-01
C00796,Female,25-34,Mumbai,False,2021-06-13
C00797,Female,18-24,Ahmedabad,False,2021-01-01
C00798,Female,25-34,Ahmedabad,True,2021-09-06
C00799,Female,55+,Pune,True,2021-04-28
C00800,Female,18-24,Chennai,True,2021-05-10
C00801,Female,35-44,Bangalore,False,2020-10-30
C00802,Male,45-54,Bangalore,False,2021-11-14
C00803,Female,45-54,Pune,False,2020-05-06
C00804,Female,55+,Ahmedabad,False,2020-11-17
C00805,Male,25-34,Kolkata,False,2020-08-30
C00806,Female,55+,Mumbai,False,2020-08-06
C00807,Female,35-44,Pune,False,2021-06-03
C00808,Female,18-24,Kolkata,False,2021-01-23
C00809,Female,25-34,Kolkata,False,2020-02-03
C00810,Male,35-44,Jaipur,False,2020-06-21
C00811,Other,18-24,Lucknow,False,2020-01-25
C00812,Female,35-44,Hyderabad,False,2020-07-06
C00813,Male,35-44,Mumbai,True,2021-08-26
C00814,Female,18-24,Delhi,False,2021-11-15
C00815,Female,25-34,Chennai,False,2020-11-06
C00816,Female,35-44,Hyderabad,False,2021-04-15
C00817,Female,25-34,Jaipur,False,2021-06-14
C00818,Male,18-24,Mumbai,False,2020-05-22
C00819,Male,18-24,Bangalore,False,2021-04-09
C00820,Male,25-34,Hyderabad,False,2021-05-15
C00821,Female,45-54,Bangalore,False,2020-04-21
C00822,Male,18-24,Chennai,False,2020-04-24
C00823,Male,35-44,Bangalore,False,2021-04-16
C00824,Male,18-24,Chennai,False,2020-05-04
C00825,Female,25-34,Mumbai,False,2020-04-20
C00826,Female,45-54,Ahmedabad,True,2021-02-26
C00827,Male,35-44,Chennai,False,2021-11-14
C00828,Male,18-24,Kolkata,False,2021-12-31
C00829,Female,25-34,Delhi,False,2020-12-15
C00830,Female,18-24,Delhi,True,2021-04-25
C00831,Male,25-34,Pune,True,2020-01-05
C00832,Female,35-44,Delhi,True,2020-06-17
C00833,Male,18-24,Pune,True,2020-06-25
C00834,Male,25-34,Delhi,False,2020-02-04
C00835,Female,25-34,Chennai,False,2020-03-24
C00836,Male,45-54,Kolkata,False,2021-05-14
C00837,Female,55+,Ahmedabad,False,2021-09-02
C00838,Male,18-24,Bangalore,False,2020-07-06
C00839,Female,35-44,Jaipur,False,2021-03-31
C00840,Female,25-34,Delhi,False,2021-01-21
C00841,Male,25-34,Ahmedabad,True,2020-09-28
C00842,Female,35-44,Ahmedabad,False,2020-03-10
C00843,Male,45-54,Chennai,False,2021-03-02
C00844,Female,55+,Mumbai,True,2020-06-09
C00845,Male,25-34,Mumbai,False,2021-06-20
C00846,Male,25-34,Delhi,False,2020-08-10
C00847,Male,35-44,Jaipur,False,2021-12-31
C00848,Other,18-24,Delhi,False,2020-04-05
C00849,Female,25-34,Delhi,True,2021-12-10
C00850,Female,25-34,Pune,False,2020-07-30
C00851,Male,35-44,Kolkata,False,2021-11-29
C00852,Female,18-24,Kolkata,False,2021-06-21
C00853,Male,18-24,Jaipur,True,2021-01-04
C00854,Female,45-54,Pune,False,2021-03-01
C00855,Male,18-24,Ahmedabad,False,2021-08-14
C00856,Male,25-34,Pune,False,2021-05-03
C00857,Male,18-24,Delhi,False,2020-07-19
C00858,Female,18-24,Mumbai,False,2020-08-31
C00859,Female,18-24,Hyderabad,False,2021-11-10
C00860,Male,18-24,Jaipur,False,2020-07-05
C00861,Female,45-54,Ahmedabad,False,2021-11-24
C00862,Female,25-34,Chennai,False,2020-12-01
C00863,Female,55+,Hyderabad,True,2021-06-26
C00864,Male,25-34,Hyderabad,True,2020-10-29
C00865,Male,25-34,Pune,False,2021-06-25
C00866,Female,25-34,Bangalore,False,2020-01-13
C00867,Male,25-34,Hyderabad,False,2021-05-20
C00868,Male,35-44,Delhi,False,2021-07-09
C00869,Female,25-34,Lucknow,False,2021-06-12
C00870,Female,25-34,Mumbai,True,2020-03-18
C00871,Male,45-54,Mumbai,True,2020-09-24
C00872,Male,45-54,Lucknow,True,2020-07-17
C00873,Female,45-54,Kolkata,False,2020-03-02
C00874,Male,25-34,Delhi,False,2020-03-07
C00875,Male,35-44,Chennai,True,2020-07-11
C00876,Male,25-34,Hyderabad,False,2021-08-10
C00877,Female,25-34,Kolkata,True,2020-04-26
C00878,Female,18-24,Delhi,False,2021-08-06
C00879,Male,25-34,Pune,False,2020-07-08
C00880,Male,18-24,Mumbai,False,2020-08-19
C00881,Male,25-34,Kolkata,False,2020-06-27
C00882,Female,45-54,Jaipur,False,2020-12-09
C00883,Male,18-24,Hyderabad,False,2020-09-22
C00884,Male,18-24,Hyderabad,False,2020-02-06
C00885,Female,18-24,Chennai,False,2021-10-20
C00886,Male,45-54,Bangalore,False,2021-05-21
C00887,Female,25-34,Jaipur,False,2020-10-12
C00888,Male,25-34,Hyderabad,False,2020-01-29
C00889,Male,35-44,Ahmedabad,False,2021-10-24
C00890,Male,45-54,Jaipur,True,2021-12-16
C00891,Female,25-34,Hyderabad,False,2021-11-22
C00892,Female,35-44,Lucknow,False,2021-11-24
C00893,Female,35-44,Jaipur,False,2020-03-10
C00894,Male,35-44,Delhi,False,2020-07-24
C00895,Female,18-24,Jaipur,False,2020-08-25
C00896,Male,45-54,Chennai,False,2020-12-16
C00897,Male,25-34,Pune,False,2020-06-10
C00898,Female,25-34,Pune,False,2021-09-10
C00899,Male,25-34,Pune,False,2021-03-21
C00900,Male,18-24,Delhi,False,2021-01-09
C00901,Male,18-24,Kolkata,False,2021-10-13
C00902,Male,35-44,Pune,False,2021-03-01
C00903,Male,18-24,Mumbai,False,2021-05-15
C00904,Female,25-34,Delhi,True,2021-12-07
C00905,Male,25-34,Kolkata,False,2021-09-24
C00906,Female,18-24,Mumbai,False,2020-06-23
C00907,Female,55+,Mumbai,False,2021-12-19
C00908,Male,18-24,Mumbai,True,2020-02-19
C00909,Male,25-34,Ahmedabad,False,2021-10-30
C00910,Male,25-34,Chennai,True,2020-05-28
C00911,Female,18-24,Chennai,False,2020-03-17
C00912,Male,18-24,Delhi,True,2020-02-14
C00913,Female,35-44,Mumbai,False,2020-04-08
C00914,Male,55+,Lucknow,False,2021-06-06
C00915,Female,18-24,Jaipur,False,2021-05-03
C00916,Male,35-44,Kolkata,False,2021-02-24
C00917,Male,35-44,Chennai,True,2021-09-22
C00918,Female,45-54,Pune,False,2021-12-16
C00919,Female,25-34,Delhi,False,2020-04-07
C00920,Male,25-34,Kolkata,False,2020-11-23
C00921,Female,25-34,Delhi,False,2020-10-14
C00922,Female,35-44,Lucknow,False,2020-02-25
C00923,Female,35-44,Ahmedabad,True,2020-09-03
C00924,Female,18-24,Ahmedabad,False,2020-08-15
C00925,Male,25-34,Mumbai,False,2020-06-06
C00926,Male,45-54,Ahmedabad,False,2021-10-09
C00927,Male,35-44,Delhi,False,2021-04-14
C00928,Female,55+,Pune,False,2020-01-26
C00929,Female,35-44,Mumbai,False,2020-02-28
C00930,Male,25-34,Hyderabad,True,2020-03-27
C00931,Male,25-34,Kolkata,False,2021-02-05
C00932,Female,35-44,Lucknow,True,2020-04-16
C00933,Other,18-24,Mumbai,True,2021-11-27
C00934,Female,25-34,Delhi,False,2021-09-15
C00935,Male,35-44,Kolkata,False,2021-03-05
C00936,Male,18-24,Pune,False,2021-01-14
C00937,Male,35-44,Bangalore,True,2021-06-23
C00938,Female,25-34,Lucknow,False,2021-04-16
C00939,Male,55+,Delhi,False,2021-09-05
C00940,Female,18-24,Lucknow,False,2021-01-09
C00941,Male,18-24,Chennai,False,2020-06-01
C00942,Female,25-34,Bangalore,False,2020-09-06
C00943,Female,25-34,Kolkata,False,2021-10-15
C00944,Female,35-44,Ahmedabad,False,2021-01-11
C00945,Male,35-44,Delhi,False,2020-08-10
C00946,Male,18-24,Lucknow,False,2020-12-11
C00947,Male,25-34,Kolkata,True,2021-03-22
C00948,Female,25-34,Ahmedabad,False,2020-10-05
C00949,Female,25-34,Pune,False,2020-01-25
C00950,Female,45-54,Pune,True,2021-10-24
C00951,Female,35-44,Lucknow,True,2021-03-23
C00952,Female,35-44,Mumbai,False,2021-03-11
C00953,Male,35-44,Chennai,True,2020-11-06
C00954,Female,25-34,Mumbai,False,2021-09-12
C00955,Male,45-54,Chennai,False,2021-08-26
C00956,Male,35-44,Delhi,False,2021-06-07
C00957,Female,35-44,Hyderabad,True,2020-02-04
C00958,Male,45-54,Lucknow,False,2020-07-15
C00959,Male,18-24,Jaipur,False,2020-09-05
C00960,Female,35-44,Lucknow,False,2020-05-15
C00961,Male,18-24,Bangalore,False,2021-09-30
C00962,Female,25-34,Ahmedabad,False,2020-04-14
C00963,Male,25-34,Bangalore,False,2020-10-24
C00964,Male,55+,Pune,False,2021-05-02
C00965,Male,45-54,Chennai,False,2020-05-16
C00966,Male,35-44,Ahmedabad,False,2020-05-26
C00967,Female,35-44,Pune,True,2020-04-24
C00968,Male,25-34,Ahmedabad,False,2021-10-09
C00969,Female,45-54,Mumbai,False,2020-01-25
C00970,Female,25-34,Pune,False,2020-02-01
C00971,Female,25-34,Mumbai,False,2021-04-16
C00972,Female,18-24,Mumbai,False,2021-11-14
C00973,Female,35-44,Ahmedabad,False,2021-09-02
C00974,Male,35-44,Kolkata,True,2020-01-08
C00975,Male,25-34,Bangalore,False,2020-11-17
C00976,Male,18-24,Pune,False,2021-04-16
C00977,Female,45-54,Jaipur,True,2021-06-05
C00978,Male,18-24,Kolkata,False,2021-06-28
C00979,Female,35-44,Bangalore,False,2020-09-04
C00980,Female,55+,Pune,False,2021-03-01
C00981,Male,25-34,Chennai,False,2020-01-28
C00982,Female,18-24,Bangalore,False,2020-08-20
C00983,Male,35-44,Jaipur,False,2020-06-02
C00984,Male,35-44,Lucknow,True,2021-06-02
C00985,Female,25-34,Delhi,False,2021-11-05
C00986,Female,55+,Mumbai,True,2021-01-10
C00987,Female,18-24,Delhi,False,2021-05-17
C00988,Male,25-34,Kolkata,False,2021-08-07
C00989,Male,35-44,Lucknow,False,2020-02-06
C00990,Female,45-54,Mumbai,False,2021-02-11
C00991,Female,18-24,Pune,False,2021-08-27
C00992,Female,35-44,Kolkata,True,2021-08-09
C00993,Male,25-34,Jaipur,False,2021-06-11
C00994,Female,25-34,Ahmedabad,False,2020-01-03
C00995,Male,18-24,Pune,False,2021-06-20
C00996,Male,45-54,Bangalore,True,2021-05-06
C00997,Female,18-24,Ahmedabad,False,2020-09-07
C00998,Male,25-34,Kolkata,False,2021-06-01
C00999,Female,25-34,Bangalore,False,2021-07-28
C01000,Male,45-54,Jaipur,False,2021-09-08
C01001,Male,35-44,Delhi,False,2021-05-18
C01002,Female,35-44,Bangalore,False,2021-10-16
C01003,Female,18-24,Delhi,False,2021-12-19
C01004,Female,25-34,Mumbai,False,2020-05-24
C01005,Female,25-34,Chennai,False,2021-09-23
C01006,Female,45-54,Hyderabad,False,2020-06-14
C01007,Female,45-54,Pune,False,2020-05-29
C01008,Female,18-24,Hyderabad,True,2020-12-05
C01009,Male,35-44,Mumbai,False,2021-05-20
C01010,Female,18-24,Bangalore,True,2021-09-18
C01011,Male,25-34,Mumbai,False,2020-07-13
C01012,Other,25-34,Hyderabad,False,2020-10-19
C01013,Female,25-34,Hyderabad,False,2020-09-10
C01014,Male,25-34,Pune,False,2021-12-26
C01015,Female,25-34,Ahmedabad,False,2020-02-24
C01016,Female,25-34,Lucknow,True,2021-11-14
C01017,Male,35-44,Mumbai,False,2021-04-09
C01018,Female,25-34,Chennai,False,2021-03-14
C01019,Female,18-24,Lucknow,False,2022-01-01
C01020,Male,35-44,Mumbai,False,2021-01-04
C01021,Female,25-34,Jaipur,False,2020-07-01
C01022,Male,25-34,Kolkata,True,2020-05-11
C01023,Female,35-44,Kolkata,False,2020-03-31
C01024,Other,25-34,Hyderabad,False,2021-01-10
C01025,Female,18-24,Kolkata,False,2020-09-28
C01026,Female,25-34,Delhi,False,2021-11-04
C01027,Female,45-54,Chennai,False,2021-01-10
C01028,Female,35-44,Kolkata,False,2021-09-10
C01029,Male,35-44,Bangalore,True,2021-04-07
C01030,Female,35-44,Delhi,True,2021-05-06
C01031,Male,18-24,Lucknow,False,2021-02-26
C01032,Female,25-34,Delhi,True,2020-11-10
C01033,Male,35-44,Mumbai,False,2020-03-13
C01034,Male,18-24,Hyderabad,False,2021-03-20
C01035,Male,18-24,Pune,False,2020-01-16
C01036,Female,18-24,Pune,False,2020-06-26
C01037,Male,25-34,Jaipur,False,2020-12-24
C01038,Female,55+,Chennai,True,2020-09-18
C01039,Male,18-24,Mumbai,False,2021-10-19
C01040,Male,25-34,Pune,False,2020-04-25
C01041,Female,18-24,Hyderabad,False,2020-11-02
C01042,Female,55+,Lucknow,False,2020-01-13
C01043,Male,18-24,Pune,False,2020-09-24
C01044,Female,25-34,Bangalore,False,2020-05-03
C01045,Female,35-44,Delhi,False,2020-05-28
C01046,Female,35-44,Pune,True,2021-04-24
C01047,Male,25-34,Mumbai,False,2021-06-26
C01048,Male,25-34,Kolkata,False,2021-02-21
C01049,Female,25-34,Kolkata,False,2021-01-25
C01050,Male,18-24,Lucknow,False,2021-07-10
C01051,Female,18-24,Kolkata,False,2020-03-19
C01052,Female,25-34,Lucknow,False,2020-12-01
C01053,Female,18-24,Mumbai,False,2020-01-18
C01054,Female,25-34,Chennai,True,2020-05-20
C01055,Other,35-44,Kolkata,False,2020-11-22
C01056,Male,55+,Jaipur,False,2020-02-10
C01057,Female,25-34,Hyderabad,False,2020-12-29
C01058,Male,18-24,Delhi,False,2020-03-25
C01059,Female,18-24,Kolkata,False,2021-04-15
C01060,Female,55+,Lucknow,True,2021-03-31
C01061,Female,25-34,Mumbai,False,2021-03-02
C01062,Other,18-24,Kolkata,False,2020-11-28
C01063,Female,25-34,Pune,True,2020-11-23
C01064,Male,25-34,Kolkata,False,2021-01-04
C01065,Male,35-44,Lucknow,False,2021-05-23
C01066,Female,18-24,Bangalore,False,2020-02-25
C01067,Male,18-24,Bangalore,True,2020-10-29
C01068,Male,55+,Kolkata,False,2021-03-10
C01069,Male,18-24,Delhi,False,2020-09-13
C01070,Male,35-44,Mumbai,True,2020-06-20
C01071,Male,35-44,Jaipur,False,2020-01-31
C01072,Male,25-34,Jaipur,False,2021-01-02
C01073,Male,25-34,Kolkata,False,2021-10-12
C01074,Male,18-24,Kolkata,False,2021-02-14
C01075,Other,25-34,Bangalore,False,2021-01-17
C01076,Male,45-54,Lucknow,True,2020-03-18
C01077,Male,45-54,Delhi,True,2021-03-19
C01078,Female,18-24,Kolkata,False,2020-02-06
C01079,Male,18-24,Jaipur,False,2021-01-12
C01080,Female,45-54,Mumbai,False,2020-01-22
C01081,Female,35-44,Chennai,False,2021-12-27
C01082,Male,45-54,Pune,False,2020-03-16
C01083,Male,18-24,Kolkata,False,2020-02-22
C01084,Female,25-34,Lucknow,False,2020-01-31
C01085,Female,35-44,Kolkata,True,2021-12-23
C01086,Female,35-44,Lucknow,False,2021-08-29
C01087,Female,25-34,Delhi,False,2020-09-11
C01088,Male,18-24,Chennai,False,2021-12-14
C01089,Other,25-34,Hyderabad,False,2021-11-16
C01090,Male,18-24,Mumbai,False,2021-07-24
C01091,Female,25-34,Mumbai,False,2020-12-23
C01092,Female,55+,Lucknow,True,2020-11-29
C01093,Female,25-34,Bangalore,False,2021-12-07
C01094,Female,45-54,Lucknow,False,2021-08-30
C01095,Male,18-24,Bangalore,False,2021-01-02
C01096,Male,35-44,Ahmedabad,False,2020-10-25
C01097,Male,55+,Jaipur,False,2021-09-15
C01098,Male,18-24,Mumbai,True,2021-03-16
C01099,Female,18-24,Delhi,False,2020-03-12
C01100,Male,25-34,Lucknow,False,2020-01-03
C01101,Male,18-24,Delhi,False,2020-01-12
C01102,Female,35-44,Chennai,True,2020-03-29
C01103,Female,45-54,Delhi,False,2021-03-19
C01104,Female,25-34,Kolkata,False,2020-08-18
C01105,Other,18-24,Jaipur,False,2021-03-03
C01106,Male,25-34,Kolkata,False,2020-09-15
C01107,Male,35-44,Pune,False,2021-05-21
C01108,Female,18-24,Lucknow,True,2020-10-16
C01109,Female,25-34,Mumbai,False,2020-12-15
C01110,Male,25-34,Lucknow,False,2021-12-15
C01111,Female,35-44,Jaipur,False,2020-06-03
C01112,Male,18-24,Hyderabad,False,2021-12-24
C01113,Male,35-44,Hyderabad,False,2021-06-01
C01114,Female,18-24,Pune,False,2021-12-28
C01115,Female,18-24,Jaipur,False,2021-04-02
C01116,Female,45-54,Ahmedabad,False,2021-11-16
C01117,Male,35-44,Ahmedabad,False,2020-03-06
C01118,Female,18-24,Ahmedabad,False,2021-03-04
C01119,Male,18-24,Mumbai,False,2021-01-31
C01120,Male,18-24,Mumbai,True,2021-04-21
C01121,Female,18-24,Ahmedabad,True,2020-09-30
C01122,Female,18-24,Hyderabad,True,2020-06-08
C01123,Female,18-24,Jaipur,False,2020-09-15
C01124,Female,25-34,Delhi,False,2020-07-04
C01125,Female,35-44,Jaipur,False,2020-03-11
C01126,Female,25-34,Ahmedabad,False,2020-04-11
C01127,Male,35-44,Jaipur,True,2020-08-27
C01128,Male,18-24,Chennai,True,2021-07-29
C01129,Male,55+,Mumbai,False,2020-09-23
C01130,Male,45-54,Mumbai,False,2020-12-28
C01131,Female,35-44,Hyderabad,False,2020-07-27
C01132,Female,35-44,Delhi,True,2020-05-03
C01133,Male,45-54,Ahmedabad,True,2020-07-08
C01134,Male,25-34,Lucknow,True,2020-04-24
C01135,Female,18-24,Hyderabad,True,2021-11-16
C01136,Male,25-34,Hyderabad,False,2021-12-09
C01137,Female,35-44,Delhi,True,2021-06-27
C01138,Female,35-44,Kolkata,False,2020-03-15
C01139,Female,25-34,Ahmedabad,False,2020-05-10
C01140,Female,18-24,Lucknow,False,2020-08-21
C01141,Female,25-34,Mumbai,False,2020-08-08
C01142,Male,45-54,Delhi,False,2020-07-20
C01143,Female,25-34,Lucknow,True,2020-02-13
C01144,Female,25-34,Chennai,False,2020-05-04
C01145,Male,18-24,Hyderabad,False,2020-10-03
C01146,Female,25-34,Delhi,True,2020-09-03
C01147,Female,45-54,Mumbai,False,2021-07-29
C01148,Female,35-44,Jaipur,False,2020-09-09
C01149,Female,35-44,Mumbai,False,2021-02-25
C01150,Female,25-34,Chennai,True,2021-09-12
C01151,Female,35-44,Delhi,True,2020-05-23
C01152,Female,18-24,Chennai,False,2020-12-25
C01153,Female,35-44,Ahmedabad,True,2020-01-19
C01154,Female,25-34,Ahmedabad,False,2021-06-10
C01155,Female,25-34,Jaipur,False,2021-01-16
C01156,Female,35-44,Hyderabad,True,2021-02-08
C01157,Male,45-54,Kolkata,False,2021-10-05
C01158,Female,18-24,Bangalore,False,2021-02-24
C01159,Female,35-44,Lucknow,True,2021-06-06
C01160,Male,25-34,Chennai,False,2021-09-06
C01161,Female,25-34,Lucknow,False,2021-06-10
C01162,Male,18-24,Jaipur,False,2021-07-15
C01163,Male,25-34,Lucknow,False,2020-07-15
C01164,Female,25-34,Lucknow,False,2021-12-10
C01165,Male,18-24,Mumbai,False,2020-10-08
C01166,Female,25-34,Delhi,False,2020-06-25
C01167,Female,45-54,Hyderabad,False,2021-01-16
C01168,Female,18-24,Bangalore,False,2020-02-21
C01169,Male,35-44,Delhi,False,2020-08-03
C01170,Male,25-34,Mumbai,True,2020-07-05
C01171,Female,35-44,Lucknow,False,2021-08-11
C01172,Other,18-24,Bangalore,False,2020-06-13
C01173,Female,18-24,Mumbai,True,2020-05-04
C01174,Male,18-24,Mumbai,False,2021-04-13
C01175,Female,18-24,Mumbai,True,2021-07-30
C01176,Female,18-24,Ahmedabad,True,2021-03-26
C01177,Female,35-44,Bangalore,False,2020-07-11
C01178,Male,45-54,Mumbai,False,2021-03-03
C01179,Female,35-44,Kolkata,True,2020-07-13
C01180,Female,35-44,Lucknow,False,2021-10-11
C01181,Female,18-24,Bangalore,False,2020-05-23
C01182,Male,25-34,Ahmedabad,True,2021-07-01
C01183,Female,25-34,Chennai,False,2021-07-04
C01184,Female,18-24,Chennai,False,2020-10-28
C01185,Male,25-34,Hyderabad,False,2021-11-11
C01186,Female,25-34,Pune,False,2021-12-13
C01187,Female,25-34,Kolkata,False,2021-06-25
C01188,Male,25-34,Chennai,False,2020-12-05
C01189,Male,35-44,Ahmedabad,False,2020-03-10
C01190,Female,35-44,Pune,False,2020-04-24
C01191,Male,25-34,Mumbai,False,2021-01-08
C01192,Female,45-54,Mumbai,True,2021-12-05
C01193,Male,55+,Jaipur,False,2020-12-07
C01194,Female,25-34,Lucknow,False,2020-08-05
C01195,Male,25-34,Pune,True,2021-04-29
C01196,Female,25-34,Lucknow,True,2021-10-12
C01197,Other,45-54,Ahmedabad,False,2021-06-12
C01198,Female,45-54,Kolkata,False,2020-06-17
C01199,Female,18-24,Pune,True,2021-04-20
C01200,Male,25-34,Chennai,False,2020-05-19
C01201,Female,25-34,Kolkata,False,2021-05-13
C01202,Male,25-34,Jaipur,False,2021-09-04
C01203,Male,18-24,Lucknow,False,2021-02-17
C01204,Male,45-54,Lucknow,False,2021-02-05
C01205,Female,35-44,Kolkata,False,2021-12-21
C01206,Female,45-54,Mumbai,False,2021-10-08
C01207,Female,45-54,Lucknow,False,2021-08-20
C01208,Male,35-44,Jaipur,False,2021-10-11
C01209,Male,25-34,Chennai,False,2021-04-27
C01210,Other,25-34,Bangalore,False,2020-01-28
C01211,Male,18-24,Chennai,True,2020-12-26
C01212,Female,35-44,Chennai,True,2020-09-30
C01213,Male,18-24,Lucknow,False,2021-04-16
C01214,Female,35-44,Delhi,False,2021-05-10
C01215,Female,18-24,Mumbai,False,2021-12-16
C01216,Male,18-24,Lucknow,False,2021-01-01
C01217,Male,18-24,Mumbai,True,2021-01-13
C01218,Female,18-24,Ahmedabad,True,2021-09-08
C01219,Female,35-44,Delhi,True,2020-06-23
C01220,Male,35-44,Lucknow,False,2021-01-07
C01221,Female,25-34,Hyderabad,False,2021-04-29
C01222,Male,18-24,Chennai,False,2021-09-16
C01223,Male,18-24,Ahmedabad,False,2020-11-24
C01224,Female,18-24,Delhi,False,2020-07-01
C01225,Male,18-24,Lucknow,False,2021-06-10
C01226,Female,45-54,Jaipur,False,2021-07-26
C01227,Male,18-24,Kolkata,False,2020-12-16
C01228,Male,25-34,Kolkata,False,2021-09-10
C01229,Other,18-24,Mumbai,True,2020-09-02
C01230,Male,18-24,Delhi,True,2020-10-17
C01231,Female,25-34,Chennai,True,2021-10-30
C01232,Male,25-34,Chennai,False,2021-12-06
C01233,Male,18-24,Bangalore,False,2020-10-06
C01234,Male,18-24,Kolkata,False,2021-06-01
C01235,Female,25-34,Ahmedabad,True,2021-10-30
C01236,Male,18-24,Delhi,False,2020-06-26
C01237,Female,18-24,Chennai,False,2021-05-17
C01238,Female,55+,Bangalore,False,2021-01-31
C01239,Female,25-34,Delhi,False,2021-07-13
C01240,Male,25-34,Pune,False,2020-10-01
C01241,Female,25-34,Chennai,False,2021-05-26
C01242,Female,25-34,Pune,False,2020-01-26
C01243,Female,25-34,Delhi,False,2020-08-06
C01244,Female,35-44,Chennai,True,2021-09-24
C01245,Female,35-44,Pune,True,2021-03-03
C01246,Female,18-24,Hyderabad,False,2021-03-26
C01247,Male,25-34,Bangalore,True,2020-12-07
C01248,Male,25-34,Ahmedabad,False,2020-04-27
C01249,Female,45-54,Kolkata,False,2020-11-02
C01250,Female,35-44,Bangalore,False,2021-11-18
C01251,Female,25-34,Pune,False,2020-09-10
C01252,Female,18-24,Chennai,False,2021-12-26
C01253,Male,25-34,Hyderabad,False,2020-06-11
C01254,Male,18-24,Hyderabad,False,2020-09-02
C01255,Female,25-34,Kolkata,False,2021-05-21
C01256,Male,18-24,Hyderabad,True,2021-06-02
C01257,Male,35-44,Bangalore,False,2020-05-29
C01258,Female,18-24,Lucknow,False,2020-06-09
C01259,Male,25-34,Hyderabad,False,2021-04-19
C01260,Female,45-54,Kolkata,False,2021-05-28
C01261,Male,18-24,Hyderabad,False,2020-11-19
C01262,Female,25-34,Hyderabad,False,2021-12-26
C01263,Male,25-34,Jaipur,False,2021-11-02
C01264,Female,18-24,Bangalore,False,2021-10-01
C01265,Male,35-44,Pune,False,2021-08-19
C01266,Male,18-24,Mumbai,False,2020-12-24
C01267,Male,25-34,Lucknow,False,2020-01-08
C01268,Female,25-34,Hyderabad,False,2020-09-12
C01269,Female,25-34,Ahmedabad,False,2021-11-18
C01270,Male,35-44,Hyderabad,False,2020-12-14
C01271,Female,18-24,Jaipur,False,2021-01-04
C01272,Female,18-24,Pune,False,2021-09-18
C01273,Female,35-44,Ahmedabad,False,2020-03-01
C01274,Male,25-34,Lucknow,True,2021-02-14
C01275,Female,45-54,Ahmedabad,False,2020-01-06
C01276,Male,35-44,Bangalore,False,2021-03-01
C01277,Male,45-54,Kolkata,False,2020-10-15
C01278,Other,25-34,Kolkata,False,2021-10-17
C01279,Male,25-34,Lucknow,False,2021-02-04
C01280,Female,35-44,Pune,True,2021-07-11
C01281,Female,25-34,Kolkata,False,2020-05-02
C01282,Female,18-24,Delhi,False,2020-06-08
C01283,Female,45-54,Jaipur,True,2020-05-10
C01284,Male,45-54,Lucknow,True,2020-07-22
C01285,Male,25-34,Lucknow,False,2020-05-04
C01286,Female,18-24,Mumbai,False,2021-08-08
C01287,Male,25-34,Mumbai,False,2021-02-06
C01288,Male,35-44,Bangalore,True,2020-08-14
C01289,Male,45-54,Bangalore,False,2020-09-23
C01290,Male,18-24,Mumbai,False,2020-07-28
C01291,Male,18-24,Kolkata,False,2021-07-22
C01292,Male,45-54,Chennai,False,2021-10-22
C01293,Female,25-34,Lucknow,False,2020-03-03
C01294,Female,25-34,Delhi,False,2020-11-19
C01295,Female,55+,Lucknow,False,2021-09-11
C01296,Male,18-24,Hyderabad,True,2020-06-01
C01297,Male,35-44,Pune,False,2020-03-05
C01298,Male,18-24,Jaipur,False,2021-08-31
C01299,Female,25-34,Chennai,True,2020-05-15
C01300,Female,35-44,Delhi,True,2020-02-20
C01301,Male,25-34,Hyderabad,True,2020-02-16
C01302,Female,55+,Bangalore,False,2020-03-05
C01303,Male,25-34,Delhi,False,2020-11-29
C01304,Female,25-34,Mumbai,True,2021-04-16
C01305,Female,18-24,Lucknow,False,2021-12-27
C01306,Female,25-34,Delhi,True,2021-11-18
C01307,Female,25-34,Pune,False,2021-02-22
C01308,Female,18-24,Ahmedabad,False,2021-03-16
C01309,Male,25-34,Bangalore,False,2021-08-20
C01310,Female,25-34,Jaipur,False,2021-03-19
C01311,Male,35-44,Jaipur,False,2021-08-27
C01312,Female,35-44,Delhi,False,2020-04-22
C01313,Female,35-44,Ahmedabad,False,2021-05-29
C01314,Female,18-24,Lucknow,False,2020-10-22
C01315,Female,18-24,Hyderabad,True,2020-12-30
C01316,Female,35-44,Chennai,True,2021-11-25
C01317,Female,25-34,Lucknow,False,2020-02-14
C01318,Female,18-24,Hyderabad,False,2020-12-13
C01319,Male,35-44,Chennai,False,2021-05-09
C01320,Male,35-44,Ahmedabad,False,2021-09-08
C01321,Male,25-34,Chennai,False,2021-04-29
C01322,Male,18-24,Lucknow,False,2021-12-18
C01323,Female,35-44,Pune,False,2021-04-11
C01324,Male,25-34,Delhi,False,2020-12-10
C01325,Other,35-44,Hyderabad,False,2020-04-05
C01326,Male,35-44,Pune,False,2020-08-18
C01327,Male,35-44,Hyderabad,False,2021-10-12
C01328,Female,25-34,Delhi,False,2021-09-16
C01329,Female,18-24,Kolkata,False,2021-02-23
C01330,Female,35-44,Chennai,True,2021-08-12
C01331,Female,25-34,Ahmedabad,True,2021-12-12
C01332,Female,35-44,Kolkata,False,2020-05-24
C01333,Male,18-24,Kolkata,False,2021-12-18
C01334,Other,18-24,Jaipur,False,2020-05-05
C01335,Other,45-54,Mumbai,False,2021-09-18
C01336,Female,35-44,Lucknow,False,2020-01-21
C01337,Male,45-54,Pune,False,2020-10-18
C01338,Female,35-44,Pune,True,2020-07-14
C01339,Male,25-34,Pune,False,2021-10-13
C01340,Male,35-44,Pune,False,2020-04-12
C01341,Male,45-54,Lucknow,True,2020-04-29
C01342,Female,25-34,Kolkata,False,2020-09-12
C01343,Female,35-44,Lucknow,False,2020-12-31
C01344,Female,18-24,Pune,False,2020-07-24
C01345,Female,25-34,Mumbai,False,2021-12-28
C01346,Male,35-44,Bangalore,False,2020-10-26
C01347,Male,18-24,Delhi,False,2020-04-23
C01348,Male,18-24,Pune,False,2021-04-16
C01349,Other,25-34,Ahmedabad,False,2021-10-14
C01350,Male,18-24,Bangalore,False,2021-02-28
C01351,Female,18-24,Lucknow,False,2020-07-20
C01352,Female,25-34,Ahmedabad,True,2021-10-15
C01353,Male,45-54,Ahmedabad,True,2021-08-04
C01354,Female,25-34,Hyderabad,False,2021-09-16
C01355,Female,18-24,Ahmedabad,True,2020-05-30
C01356,Female,18-24,Pune,False,2021-11-17
C01357,Female,35-44,Hyderabad,False,2020-08-18
C01358,Male,25-34,Jaipur,False,2021-04-09
C01359,Male,35-44,Kolkata,False,2020-06-29
C01360,Female,35-44,Ahmedabad,False,2020-01-29
C01361,Female,35-44,Mumbai,False,2021-10-10
C01362,Male,18-24,Delhi,True,2021-05-17
C01363,Female,35-44,Ahmedabad,True,2020-05-20
C01364,Female,18-24,Jaipur,False,2021-06-21
C01365,Female,45-54,Chennai,False,2021-07-28
C01366,Male,35-44,Lucknow,True,2020-05-09
C01367,Female,25-34,Lucknow,False,2020-01-12
C01368,Female,18-24,Jaipur,False,2020-11-21
C01369,Male,18-24,Chennai,False,2021-06-13
C01370,Male,35-44,Lucknow,True,2021-03-17
C01371,Other,18-24,Lucknow,False,2021-08-30
C01372,Male,25-34,Lucknow,True,2020-06-24
C01373,Female,18-24,Jaipur,False,2020-06-16
C01374,Female,35-44,Kolkata,False,2020-04-03
C01375,Male,35-44,Delhi,False,2021-12-13
C01376,Female,35-44,Jaipur,False,2020-11-17
C01377,Male,35-44,Chennai,False,2021-07-29
C01378,Female,18-24,Ahmedabad,False,2021-04-28
C01379,Male,18-24,Kolkata,False,2020-06-07
C01380,Female,35-44,Kolkata,False,2021-08-14
C01381,Male,25-34,Ahmedabad,False,2020-09-23
C01382,Male,25-34,Mumbai,False,2020-09-11
C01383,Female,18-24,Hyderabad,False,2020-02-05
C01384,Male,18-24,Delhi,False,2020-06-15
C01385,Female,18-24,Delhi,False,2020-05-25
C01386,Male,45-54,Mumbai,False,2020-12-09
C01387,Female,18-24,Hyderabad,False,2021-08-18
C01388,Male,25-34,Delhi,False,2021-02-25
C01389,Female,18-24,Chennai,True,2020-11-26
C01390,Female,35-44,Bangalore,True,2020-08-24
C01391,Male,25-34,Bangalore,False,2020-10-15
C01392,Male,45-54,Delhi,False,2021-03-20
C01393,Male,45-54,Pune,False,2021-06-22
C01394,Female,25-34,Delhi,False,2021-09-01
C01395,Male,45-54,Ahmedabad,True,2020-08-13
C01396,Female,55+,Ahmedabad,False,2020-09-17
C01397,Male,35-44,Hyderabad,False,2020-08-18
C01398,Male,45-54,Lucknow,True,2021-04-05
C01399,Female,18-24,Kolkata,False,2021-06-24
C01400,Female,25-34,Chennai,False,2020-06-26
C01401,Male,18-24,Mumbai,False,2020-06-16
C01402,Male,18-24,Delhi,False,2021-02-03
C01403,Male,55+,Lucknow,False,2020-10-12
C01404,Female,25-34,Lucknow,False,2021-04-04
C01405,Female,35-44,Chennai,False,2020-08-07
C01406,Female,35-44,Mumbai,True,2020-05-01
C01407,Female,45-54,Ahmedabad,False,2020-08-17
C01408,Female,55+,Jaipur,False,2020-12-23
C01409,Female,18-24,Chennai,False,2021-02-01
C01410,Female,18-24,Lucknow,False,2020-09-20
C01411,Male,25-34,Bangalore,False,2020-08-23
C01412,Male,18-24,Delhi,False,2020-11-20
C01413,Male,18-24,Hyderabad,True,2020-10-02
C01414,Male,25-34,Bangalore,False,2021-10-23
C01415,Female,35-44,Lucknow,False,2020-02-07
C01416,Female,25-34,Kolkata,False,2020-06-03
C01417,Male,25-34,Pune,False,2021-04-04
C01418,Male,35-44,Mumbai,False,2020-11-17
C01419,Female,18-24,Ahmedabad,True,2021-11-28
C01420,Female,18-24,Delhi,False,2021-12-02
C01421,Male,35-44,Hyderabad,False,2021-07-02
C01422,Female,25-34,Jaipur,False,2020-08-16
C01423,Male,35-44,Ahmedabad,False,2020-04-19
C01424,Male,18-24,Delhi,False,2020-11-19
C01425,Other,45-54,Jaipur,False,2020-12-09
C01426,Female,25-34,Hyderabad,False,2021-03-14
C01427,Male,25-34,Lucknow,True,2021-09-06
C01428,Female,25-34,Pune,False,2021-10-07
C01429,Female,45-54,Bangalore,True,2020-06-25
C01430,Female,25-34,Bangalore,True,2020-02-24
C01431,Female,25-34,Lucknow,True,2021-02-01
C01432,Female,55+,Ahmedabad,False,2020-09-07
C01433,Female,35-44,Lucknow,False,2020-03-05
C01434,Female,25-34,Lucknow,True,2021-10-28
C01435,Male,35-44,Delhi,True,2020-06-18
C01436,Male,25-34,Delhi,False,2020-10-08
C01437,Male,18-24,Hyderabad,True,2020-10-21
C01438,Female,25-34,Pune,False,2021-06-02
C01439,Male,45-54,Delhi,True,2020-08-20
C01440,Female,45-54,Hyderabad,False,2020-05-31
C01441,Female,25-34,Kolkata,False,2021-10-11
C01442,Male,25-34,Lucknow,False,2020-12-08
C01443,Female,18-24,Lucknow,False,2021-10-20
C01444,Male,55+,Ahmedabad,False,2020-04-05
C01445,Female,55+,Kolkata,True,2020-12-27
C01446,Male,35-44,Ahmedabad,False,2020-05-22
C01447,Female,35-44,Jaipur,False,2021-04-08
C01448,Female,35-44,Hyderabad,True,2021-10-02
C01449,Female,25-34,Hyderabad,True,2021-12-02
C01450,Female,18-24,Lucknow,False,2021-06-10
C01451,Female,25-34,Chennai,False,2021-07-07
C01452,Female,35-44,Jaipur,False,2020-11-18
C01453,Female,35-44,Hyderabad,False,2021-12-17
C01454,Female,25-34,Delhi,False,2020-12-17
C01455,Male,45-54,Lucknow,False,2021-03-22
C01456,Female,18-24,Ahmedabad,False,2020-11-06
C01457,Female,25-34,Kolkata,True,2020-08-07
C01458,Female,35-44,Ahmedabad,False,2020-09-26
C01459,Male,35-44,Bangalore,False,2020-01-14
C01460,Female,35-44,Chennai,False,2021-09-23
C01461,Male,18-24,Hyderabad,False,2021-02-22
C01462,Female,18-24,Pune,True,2021-02-25
C01463,Male,35-44,Mumbai,False,2021-03-03
C01464,Female,25-34,Chennai,True,2020-09-04
C01465,Other,18-24,Lucknow,False,2021-01-09
C01466,Male,35-44,Hyderabad,False,2020-12-20
C01467,Other,25-34,Kolkata,False,2021-02-20
C01468,Male,35-44,Hyderabad,True,2020-01-09
C01469,Female,45-54,Mumbai,False,2020-02-24
C01470,Female,18-24,Kolkata,False,2021-05-22
C01471,Female,18-24,Ahmedabad,False,2021-10-12
C01472,Female,35-44,Kolkata,False,2020-04-28
C01473,Female,25-34,Chennai,False,2020-01-05
C01474,Male,35-44,Ahmedabad,False,2021-06-02
C01475,Male,45-54,Hyderabad,False,2021-04-15
C01476,Female,35-44,Lucknow,False,2020-02-14
C01477,Female,55+,Jaipur,False,2020-07-31
C01478,Female,25-34,Lucknow,False,2021-05-31
C01479,Female,25-34,Hyderabad,False,2020-11-03
C01480,Male,25-34,Mumbai,True,2020-02-12
C01481,Female,18-24,Jaipur,False,2020-05-19
C01482,Male,25-34,Hyderabad,False,2020-07-09
C01483,Female,18-24,Pune,False,2020-07-12
C01484,Male,45-54,Chennai,False,2021-08-25
C01485,Male,25-34,Pune,False,2020-05-09
C01486,Male,25-34,Ahmedabad,False,2021-06-14
C01487,Male,25-34,Bangalore,True,2020-02-22
C01488,Female,18-24,Hyderabad,False,2021-04-10
C01489,Male,18-24,Delhi,False,2020-04-15
C01490,Male,25-34,Delhi,True,2021-06-21
C01491,Male,18-24,Kolkata,True,2020-12-22
C01492,Male,25-34,Lucknow,False,2021-10-15
C01493,Male,45-54,Lucknow,True,2020-09-07
C01494,Male,45-54,Lucknow,False,2020-05-01
C01495,Female,35-44,Pune,True,2020-07-26
C01496,Female,18-24,Chennai,False,2020-12-16
C01497,Female,45-54,Hyderabad,False,2021-11-30
C01498,Female,45-54,Mumbai,False,2020-02-20
C01499,Male,18-24,Kolkata,True,2020-08-04
C01500,Female,35-44,Ahmedabad,False,2020-07-06
C01501,Female,25-34,Jaipur,False,2020-05-31
C01502,Female,35-44,Ahmedabad,False,2020-07-05
C01503,Male,55+,Hyderabad,False,2021-02-13
C01504,Male,18-24,Bangalore,True,2020-07-15
C01505,Male,45-54,Lucknow,False,2020-10-02
C01506,Male,25-34,Jaipur,False,2020-04-18
C01507,Female,55+,Pune,False,2020-05-26
C01508,Female,25-34,Hyderabad,True,2021-12-02
C01509,Female,45-54,Bangalore,False,2021-03-31
C01510,Female,18-24,Pune,False,2021-12-07
C01511,Female,25-34,Bangalore,False,2021-10-19
C01512,Female,18-24,Lucknow,False,2020-10-19
C01513,Female,55+,Pune,True,2020-04-04
C01514,Male,35-44,Chennai,False,2021-10-06
C01515,Male,45-54,Delhi,False,2021-02-06
C01516,Male,45-54,Ahmedabad,False,2020-03-08
C01517,Female,18-24,Chennai,False,2020-05-17
C01518,Female,25-34,Jaipur,False,2020-12-18
C01519,Male,18-24,Kolkata,False,2020-06-17
C01520,Female,18-24,Delhi,False,2020-12-16
C01521,Male,18-24,Chennai,False,2021-09-08
C01522,Female,25-34,Hyderabad,False,2021-10-02
C01523,Male,18-24,Bangalore,True,2021-08-17
C01524,Male,18-24,Jaipur,False,2021-04-20
C01525,Female,18-24,Hyderabad,False,2020-02-22
C01526,Male,18-24,Delhi,False,2020-05-28
C01527,Male,55+,Bangalore,False,2021-02-20
C01528,Male,35-44,Jaipur,False,2021-01-07
C01529,Female,55+,Kolkata,False,2021-06-22
C01530,Female,25-34,Delhi,True,2020-08-05
C01531,Male,18-24,Jaipur,True,2020-05-25
C01532,Female,35-44,Chennai,False,2021-07-11
C01533,Female,25-34,Jaipur,True,2021-12-02
C01534,Male,25-34,Delhi,False,2020-10-03
C01535,Male,18-24,Lucknow,False,2020-11-17
C01536,Male,18-24,Chennai,False,2021-03-14
C01537,Male,18-24,Hyderabad,True,2020-09-18
C01538,Female,25-34,Delhi,False,2020-11-26
C01539,Male,35-44,Lucknow,True,2021-07-03
C01540,Female,18-24,Mumbai,False,2021-03-17
C01541,Female,18-24,Kolkata,False,2021-02-23
C01542,Male,35-44,Lucknow,False,2020-03-30
C01543,Female,18-24,Mumbai,False,2020-01-31
C01544,Male,25-34,Ahmedabad,True,2020-03-21
C01545,Female,45-54,Bangalore,False,2020-07-26
C01546,Female,18-24,Lucknow,True,2020-10-31
C01547,Female,18-24,Pune,False,2020-08-16
C01548,Female,25-34,Kolkata,True,2020-02-16
C01549,Male,25-34,Lucknow,False,2021-07-03
C01550,Female,25-34,Mumbai,False,2020-12-07
C01551,Female,35-44,Pune,False,2020-08-16
C01552,Female,18-24,Kolkata,False,2020-08-24
C01553,Female,25-34,Pune,False,2021-07-01
C01554,Female,25-34,Chennai,True,2020-10-30
C01555,Male,18-24,Mumbai,False,2020-05-30
C01556,Male,25-34,Jaipur,True,2021-01-20
C01557,Female,18-24,Chennai,False,2020-06-01
C01558,Male,25-34,Kolkata,False,2021-04-14
C01559,Female,18-24,Kolkata,False,2020-02-16
C01560,Female,25-34,Delhi,False,2020-12-08
C01561,Male,25-34,Mumbai,False,2020-10-23
C01562,Male,35-44,Ahmedabad,False,2021-12-10
C01563,Female,18-24,Ahmedabad,True,2021-08-30
C01564,Male,25-34,Kolkata,False,2020-09-26
C01565,Female,25-34,Ahmedabad,False,2021-03-01
C01566,Male,35-44,Bangalore,False,2020-12-27
C01567,Female,25-34,Delhi,False,2021-11-17
C01568,Male,35-44,Kolkata,True,2020-05-03
C01569,Female,35-44,Ahmedabad,False,2020-06-08
C01570,Female,45-54,Mumbai,False,2021-08-19
C01571,Female,25-34,Lucknow,True,2020-09-25
C01572,Male,25-34,Jaipur,False,2020-05-14
C01573,Female,45-54,Chennai,False,2020-09-21
C01574,Female,55+,Chennai,False,2021-05-20
C01575,Male,45-54,Bangalore,False,2020-09-10
C01576,Male,25-34,Pune,False,2021-08-01
C01577,Male,18-24,Mumbai,False,2021-05-14
C01578,Female,25-34,Pune,False,2021-07-10
C01579,Female,35-44,Delhi,False,2020-11-21
C01580,Female,25-34,Jaipur,True,2021-10-14
C01581,Male,25-34,Delhi,False,2020-02-20
C01582,Male,45-54,Kolkata,False,2021-05-03
C01583,Female,25-34,Mumbai,False,2021-07-26
C01584,Female,45-54,Kolkata,False,2021-01-04
C01585,Other,25-34,Hyderabad,False,2021-06-13
C01586,Male,25-34,Ahmedabad,True,2020-12-07
C01587,Female,25-34,Chennai,False,2021-04-22
C01588,Male,35-44,Lucknow,False,2021-09-27
C01589,Male,18-24,Kolkata,False,2021-06-21
C01590,Female,18-24,Pune,False,2021-02-15
C01591,Female,55+,Hyderabad,False,2021-12-10
C01592,Other,18-24,Chennai,False,2020-06-18
C01593,Male,25-34,Kolkata,False,2020-10-05
C01594,Male,25-34,Hyderabad,True,2020-10-20
C01595,Female,25-34,Hyderabad,False,2020-11-29
C01596,Female,35-44,Mumbai,False,2020-10-28
C01597,Male,18-24,Delhi,False,2020-02-19
C01598,Male,25-34,Hyderabad,False,2021-12-26
C01599,Male,25-34,Bangalore,False,2021-11-28
C01600,Female,35-44,Delhi,False,2021-08-15
C01601,Male,18-24,Chennai,True,2021-09-01
C01602,Male,25-34,Chennai,False,2021-08-22
C01603,Male,18-24,Chennai,False,2020-08-29
C01604,Male,18-24,Chennai,False,2021-01-31
C01605,Male,18-24,Bangalore,False,2020-01-09
C01606,Female,18-24,Kolkata,True,2021-07-20
C01607,Male,35-44,Jaipur,True,2021-05-20
C01608,Female,25-34,Hyderabad,False,2020-01-14
C01609,Male,45-54,Chennai,False,2020-05-04
C01610,Female,55+,Delhi,True,2021-01-24
C01611,Female,25-34,Delhi,False,2020-11-23
C01612,Female,18-24,Hyderabad,False,2020-04-26
C01613,Female,25-34,Kolkata,False,2021-01-15
C01614,Male,35-44,Lucknow,False,2021-08-04
C01615,Male,25-34,Lucknow,False,2020-05-07
C01616,Female,18-24,Jaipur,True,2020-12-05
C01617,Other,25-34,Kolkata,False,2021-09-12
C01618,Female,45-54,Hyderabad,False,2020-12-28
C01619,Female,35-44,Lucknow,False,2021-03-06
C01620,Female,18-24,Lucknow,False,2020-04-01
C01621,Female,35-44,Lucknow,False,2021-10-01
C01622,Male,18-24,Pune,True,2020-04-03
C01623,Female,18-24,Bangalore,False,2020-12-24
C01624,Female,45-54,Hyderabad,False,2021-03-12
C01625,Male,18-24,Ahmedabad,False,2021-09-05
C01626,Female,18-24,Mumbai,False,2020-08-08
C01627,Male,18-24,Mumbai,False,2020-02-25
C01628,Female,45-54,Kolkata,False,2021-04-02
C01629,Male,35-44,Hyderabad,False,2021-07-09
C01630,Female,25-34,Hyderabad,False,2020-11-22
C01631,Female,35-44,Mumbai,False,2020-05-30
C01632,Male,18-24,Jaipur,True,2021-12-30
C01633,Female,25-34,Mumbai,False,2020-09-28
C01634,Female,25-34,Hyderabad,False,2020-10-23
C01635,Female,18-24,Lucknow,True,2021-05-14
C01636,Male,25-34,Jaipur,True,2021-02-06
C01637,Male,45-54,Chennai,True,2021-07-05
C01638,Male,18-24,Ahmedabad,True,2020-06-04
C01639,Other,25-34,Pune,False,2020-09-25
C01640,Female,18-24,Bangalore,False,2020-12-09
C01641,Female,18-24,Chennai,False,2021-03-21
C01642,Female,45-54,Delhi,False,2021-06-03
C01643,Female,25-34,Mumbai,False,2020-05-11
C01644,Female,25-34,Ahmedabad,False,2021-02-06
C01645,Male,35-44,Mumbai,False,2020-12-31
C01646,Female,18-24,Mumbai,False,2020-12-17
C01647,Male,25-34,Chennai,False,2021-02-08
C01648,Female,25-34,Lucknow,False,2021-06-29
C01649,Female,25-34,Lucknow,False,2021-10-06
C01650,Female,55+,Pune,True,2021-10-22
C01651,Male,35-44,Jaipur,False,2020-06-28
C01652,Male,25-34,Mumbai,False,2021-07-22
C01653,Male,35-44,Kolkata,False,2021-11-22
C01654,Male,18-24,Lucknow,False,2020-05-29
C01655,Male,18-24,Hyderabad,True,2021-09-11
C01656,Female,18-24,Ahmedabad,False,2020-10-02
C01657,Female,25-34,Kolkata,True,2021-04-29
C01658,Male,25-34,Chennai,False,2021-10-01
C01659,Male,25-34,Chennai,False,2021-03-05
C01660,Male,45-54,Pune,False,2021-12-22
C01661,Female,25-34,Pune,True,2020-04-28
C01662,Female,25-34,Jaipur,False,2020-12-23
C01663,Female,18-24,Hyderabad,False,2021-09-22
C01664,Female,18-24,Ahmedabad,False,2021-07-13
C01665,Other,25-34,Hyderabad,True,2021-02-08
C01666,Female,25-34,Delhi,False,2021-08-17
C01667,Male,45-54,Pune,False,2021-06-19
C01668,Female,18-24,Jaipur,True,2020-12-07
C01669,Male,18-24,Bangalore,False,2020-05-04
C01670,Female,25-34,Mumbai,False,2021-03-14
C01671,Male,18-24,Mumbai,False,2020-07-27
C01672,Female,18-24,Bangalore,False,2020-04-02
C01673,Female,35-44,Lucknow,False,2021-07-28
C01674,Female,18-24,Hyderabad,False,2020-05-22
C01675,Female,25-34,Bangalore,False,2020-06-28
C01676,Male,25-34,Jaipur,False,2021-04-16
C01677,Male,18-24,Ahmedabad,False,2020-01-10
C01678,Male,25-34,Bangalore,False,2021-06-24
C01679,Male,35-44,Jaipur,False,2021-06-29
C01680,Female,25-34,Pune,False,2020-06-17
C01681,Male,35-44,Kolkata,False,2021-02-18
C01682,Other,18-24,Chennai,False,2021-05-05
C01683,Female,35-44,Chennai,False,2021-08-24
C01684,Female,18-24,Delhi,False,2020-06-22
C01685,Male,35-44,Hyderabad,True,2020-06-06
C01686,Female,25-34,Ahmedabad,True,2020-11-14
C01687,Female,45-54,Kolkata,False,2020-02-03
C01688,Female,25-34,Kolkata,False,2021-05-14
C01689,Female,18-24,Pune,False,2021-07-25
C01690,Female,18-24,Bangalore,True,2020-08-25
C01691,Male,35-44,Hyderabad,True,2020-06-27
C01692,Female,25-34,Mumbai,True,2021-07-21
C01693,Male,35-44,Kolkata,True,2021-11-07
C01694,Male,18-24,Jaipur,True,2020-05-20
C01695,Male,25-34,Mumbai,False,2020-01-20
C01696,Male,18-24,Delhi,False,2020-09-18
C01697,Male,55+,Bangalore,False,2021-06-13
C01698,Male,35-44,Bangalore,False,2020-01-05
C01699,Female,45-54,Ahmedabad,False,2020-03-20
C01700,Female,18-24,Kolkata,True,2020-12-23
C01701,Female,25-34,Pune,True,2020-05-09
C01702,Male,35-44,Lucknow,False,2020-05-16
C01703,Male,25-34,Lucknow,False,2020-02-19
C01704,Female,45-54,Chennai,False,2020-04-28
C01705,Male,45-54,Jaipur,False,2020-09-19
C01706,Male,45-54,Mumbai,False,2020-10-14
C01707,Female,35-44,Delhi,False,2021-01-25
C01708,Male,18-24,Chennai,False,2020-10-01
C01709,Female,25-34,Bangalore,False,2020-05-31
C01710,Female,55+,Mumbai,False,2020-01-25
C01711,Male,18-24,Hyderabad,False,2021-01-25
C01712,Male,35-44,Kolkata,True,2020-11-09
C01713,Female,35-44,Delhi,False,2021-02-11
C01714,Female,25-34,Hyderabad,False,2020-09-01
C01715,Male,55+,Pune,False,2020-09-29
C01716,Other,25-34,Kolkata,False,2021-12-19
C01717,Male,25-34,Mumbai,False,2020-12-02
C01718,Female,18-24,Kolkata,False,2021-10-29
C01719,Other,25-34,Chennai,False,2021-12-13
C01720,Male,18-24,Ahmedabad,False,2020-06-03
C01721,Male,25-34,Chennai,False,2021-06-27
C01722,Male,45-54,Pune,False,2021-04-28
C01723,Male,45-54,Jaipur,False,2021-11-16
C01724,Male,18-24,Hyderabad,True,2021-08-23
C01725,Female,25-34,Chennai,False,2020-06-22
C01726,Male,45-54,Ahmedabad,False,2021-01-06
C01727,Female,18-24,Jaipur,False,2020-03-30
C01728,Other,18-24,Chennai,False,2021-03-18
C01729,Female,18-24,Bangalore,True,2021-06-19
C01730,Female,25-34,Ahmedabad,False,2021-04-23
C01731,Male,18-24,Hyderabad,False,2020-07-30
C01732,Female,55+,Delhi,False,2020-11-22
C01733,Female,25-34,Lucknow,True,2020-03-12
C01734,Male,25-34,Jaipur,False,2020-10-19
C01735,Male,18-24,Bangalore,False,2021-01-07
C01736,Female,25-34,Delhi,False,2020-06-07
C01737,Male,35-44,Mumbai,True,2020-02-10
C01738,Male,35-44,Ahmedabad,False,2021-04-17
C01739,Male,35-44,Bangalore,False,2021-07-03
C01740,Male,25-34,Kolkata,True,2020-10-09
C01741,Female,45-54,Mumbai,False,2021-01-02
C01742,Female,35-44,Mumbai,False,2020-01-10
C01743,Female,35-44,Jaipur,True,2021-01-29
C01744,Male,18-24,Ahmedabad,False,2021-11-08
C01745,Male,18-24,Bangalore,False,2020-01-19
C01746,Female,18-24,Pune,False,2020-04-26
C01747,Male,35-44,Bangalore,True,2021-08-24
C01748,Male,25-34,Chennai,True,2020-03-12
C01749,Female,25-34,Mumbai,False,2021-04-28
C01750,Male,45-54,Hyderabad,False,2021-04-01
C01751,Female,45-54,Mumbai,True,2020-03-11
C01752,Male,45-54,Mumbai,True,2020-12-11
C01753,Male,25-34,Lucknow,True,2021-09-23
C01754,Male,35-44,Kolkata,False,2021-04-07
C01755,Other,18-24,Pune,False,2020-07-23
C01756,Female,18-24,Delhi,False,2021-08-27
C01757,Female,18-24,Delhi,True,2020-10-28
C01758,Female,25-34,Kolkata,False,2020-08-12
C01759,Male,25-34,Mumbai,True,2021-04-25
C01760,Female,45-54,Delhi,False,2020-08-13
C01761,Female,18-24,Ahmedabad,False,2020-03-27
C01762,Female,35-44,Pune,False,2021-01-22
C01763,Male,25-34,Delhi,False,2021-03-28
C01764,Female,25-34,Kolkata,True,2021-07-02
C01765,Male,25-34,Chennai,True,2020-10-17
C01766,Male,25-34,Delhi,False,2020-03-30
C01767,Female,25-34,Pune,False,2021-05-09
C01768,Female,25-34,Jaipur,False,2021-03-18
C01769,Male,18-24,Jaipur,False,2021-03-11
C01770,Male,18-24,Ahmedabad,False,2020-11-18
C01771,Female,25-34,Bangalore,True,2021-07-19
C01772,Female,45-54,Bangalore,True,2020-05-11
C01773,Female,25-34,Delhi,False,2021-05-31
C01774,Female,35-44,Hyderabad,True,2020-08-05
C01775,Female,35-44,Chennai,False,2020-12-23
C01776,Male,45-54,Kolkata,True,2020-10-31
C01777,Female,35-44,Chennai,False,2021-08-23
C01778,Male,25-34,Jaipur,False,2020-07-14
C01779,Male,35-44,Delhi,True,2021-08-17
C01780,Female,45-54,Pune,False,2021-10-11
C01781,Male,25-34,Kolkata,False,2020-11-28
C01782,Female,25-34,Chennai,False,2020-08-02
C01783,Female,18-24,Pune,True,2021-11-26
C01784,Female,35-44,Kolkata,False,2021-11-12
C01785,Female,35-44,Chennai,True,2020-05-26
C01786,Female,18-24,Ahmedabad,False,2020-05-21
C01787,Female,25-34,Jaipur,False,2021-07-06
C01788,Female,25-34,Mumbai,True,2020-10-09
C01789,Male,18-24,Kolkata,False,2021-02-12
C01790,Female,55+,Jaipur,False,2020-09-27
C01791,Male,18-24,Lucknow,False,2020-04-12
C01792,Female,18-24,Hyderabad,False,2021-11-04
C01793,Female,25-34,Delhi,False,2020-06-13
C01794,Female,35-44,Lucknow,False,2021-01-07
C01795,Male,18-24,Pune,True,2020-11-16
C01796,Male,35-44,Kolkata,False,2020-09-11
C01797,Female,25-34,Delhi,False,2020-02-28
C01798,Male,18-24,Delhi,False,2021-11-21
C01799,Male,18-24,Lucknow,False,2021-12-11
C01800,Male,25-34,Lucknow,False,2021-08-24
C01801,Female,25-34,Mumbai,False,2020-01-12
C01802,Female,45-54,Chennai,False,2020-07-28
C01803,Male,35-44,Kolkata,False,2020-10-10
C01804,Male,55+,Jaipur,False,2021-11-28
C01805,Male,18-24,Bangalore,False,2020-03-31
C01806,Female,55+,Kolkata,False,2020-05-18
C01807,Female,25-34,Kolkata,True,2020-09-03
C01808,Male,25-34,Kolkata,False,2021-04-29
C01809,Male,18-24,Delhi,False,2021-11-11
C01810,Male,18-24,Pune,True,2020-11-04
C01811,Female,35-44,Delhi,True,2020-07-25
C01812,Female,25-34,Pune,False,2021-10-25
C01813,Male,18-24,Lucknow,False,2020-09-26
C01814,Male,25-34,Bangalore,False,2021-06-06
C01815,Male,18-24,Delhi,False,2020-06-23
C01816,Female,25-34,Pune,True,2020-12-04
C01817,Male,25-34,Delhi,True,2021-09-29
C01818,Female,35-44,Hyderabad,False,2020-12-13
C01819,Female,35-44,Delhi,False,2021-03-19
C01820,Male,25-34,Bangalore,False,2021-08-23
C01821,Male,25-34,Bangalore,True,2020-04-27
C01822,Male,25-34,Pune,False,2021-12-24
C01823,Female,35-44,Pune,False,2021-05-19
C01824,Female,25-34,Lucknow,False,2021-12-23
C01825,Female,18-24,Bangalore,False,2021-10-23
C01826,Female,18-24,Bangalore,False,2021-05-30
C01827,Male,25-34,Mumbai,False,2021-11-23
C01828,Female,25-34,Kolkata,True,2020-10-23
C01829,Female,45-54,Ahmedabad,True,2021-10-30
C01830,Male,18-24,Delhi,False,2020-08-07
C01831,Other,25-34,Chennai,False,2021-11-24
C01832,Female,35-44,Lucknow,False,2021-11-19
C01833,Female,35-44,Kolkata,False,2021-05-24
C01834,Female,25-34,Ahmedabad,False,2020-03-18
C01835,Female,25-34,Mumbai,False,2020-09-20
C01836,Female,25-34,Chennai,False,2020-06-18
C01837,Male,45-54,Pune,True,2021-09-20
C01838,Male,18-24,Bangalore,True,2020-05-03
C01839,Female,45-54,Hyderabad,False,2021-12-27
C01840,Male,35-44,Lucknow,False,2021-07-30
C01841,Male,25-34,Jaipur,True,2020-10-09
C01842,Male,18-24,Bangalore,False,2021-04-03
C01843,Male,25-34,Hyderabad,True,2020-01-14
C01844,Female,25-34,Ahmedabad,False,2021-12-10
C01845,Female,18-24,Pune,False,2020-01-04
C01846,Male,35-44,Chennai,False,2020-10-03
C01847,Male,55+,Ahmedabad,True,2020-11-20
C01848,Male,25-34,Bangalore,False,2021-11-19
C01849,Female,35-44,Bangalore,False,2021-06-16
C01850,Female,18-24,Chennai,True,2020-02-26
C01851,Male,25-34,Jaipur,True,2021-04-18
C01852,Female,18-24,Hyderabad,False,2020-09-05
C01853,Female,25-34,Ahmedabad,False,2020-01-03
C01854,Female,45-54,Pune,False,2021-06-23
C01855,Female,35-44,Bangalore,False,2020-11-07
C01856,Male,18-24,Ahmedabad,False,2020-08-11
C01857,Female,25-34,Jaipur,True,2021-09-03
C01858,Female,25-34,Ahmedabad,True,2021-09-15
C01859,Female,25-34,Chennai,False,2021-02-02
C01860,Female,45-54,Pune,False,2021-03-26
C01861,Female,35-44,Mumbai,False,2020-07-29
C01862,Female,25-34,Chennai,False,2021-11-12
C01863,Male,25-34,Ahmedabad,False,2020-01-23
C01864,Female,18-24,Mumbai,False,2021-12-22
C01865,Other,18-24,Bangalore,False,2020-10-20
C01866,Female,25-34,Mumbai,False,2020-11-17
C01867,Male,25-34,Jaipur,True,2021-09-25
C01868,Male,35-44,Delhi,False,2021-09-13
C01869,Male,35-44,Jaipur,True,2020-06-02
C01870,Female,18-24,Chennai,False,2020-03-25
C01871,Female,25-34,Delhi,False,2021-06-09
C01872,Male,18-24,Chennai,False,2021-02-16
C01873,Female,18-24,Lucknow,False,2021-04-17
C01874,Female,35-44,Pune,True,2021-11-10
C01875,Female,18-24,Kolkata,False,2020-08-28
C01876,Female,25-34,Bangalore,False,2020-05-09
C01877,Female,18-24,Bangalore,False,2021-05-24
C01878,Female,45-54,Lucknow,False,2020-01-10
C01879,Male,25-34,Ahmedabad,False,2021-11-07
C01880,Female,18-24,Hyderabad,False,2020-09-05
C01881,Female,25-34,Chennai,False,2021-02-08
C01882,Female,35-44,Kolkata,True,2021-02-09
C01883,Female,55+,Kolkata,False,2021-02-01
C01884,Female,18-24,Jaipur,False,2021-06-27
C01885,Male,45-54,Jaipur,False,2020-07-28
C01886,Female,45-54,Hyderabad,False,2020-07-24
C01887,Male,45-54,Ahmedabad,False,2021-06-09
C01888,Male,35-44,Lucknow,False,2020-05-02
C01889,Female,25-34,Mumbai,False,2021-05-15
C01890,Other,25-34,Jaipur,False,2020-07-21
C01891,Male,35-44,Ahmedabad,False,2021-10-05
C01892,Male,25-34,Pune,True,2021-08-31
C01893,Female,35-44,Bangalore,False,2021-05-16
C01894,Male,25-34,Bangalore,False,2020-10-25
C01895,Female,35-44,Ahmedabad,False,2020-09-17
C01896,Female,35-44,Hyderabad,True,2021-03-18
C01897,Female,18-24,Lucknow,False,2021-11-06
C01898,Male,45-54,Kolkata,True,2021-04-04
C01899,Male,25-34,Hyderabad,True,2020-08-17
C01900,Female,45-54,Ahmedabad,True,2020-08-30
C01901,Female,25-34,Lucknow,False,2021-09-07
C01902,Male,25-34,Lucknow,True,2021-12-27
C01903,Female,45-54,Chennai,False,2020-07-01
C01904,Male,18-24,Delhi,True,2021-10-16
C01905,Female,45-54,Bangalore,False,2021-11-02
C01906,Male,25-34,Ahmedabad,False,2021-12-31
C01907,Female,25-34,Kolkata,False,2021-02-20
C01908,Male,25-34,Delhi,False,2020-12-30
C01909,Male,25-34,Pune,False,2020-09-23
C01910,Male,25-34,Jaipur,False,2021-05-30
C01911,Male,18-24,Chennai,False,2020-08-01
C01912,Female,18-24,Jaipur,True,2021-08-31
C01913,Other,18-24,Delhi,False,2020-05-04
C01914,Male,55+,Delhi,True,2020-11-10
C01915,Male,55+,Jaipur,False,2020-11-01
C01916,Female,25-34,Kolkata,False,2021-08-01
C01917,Female,35-44,Kolkata,False,2021-11-08
C01918,Female,25-34,Mumbai,False,2021-01-27
C01919,Male,35-44,Pune,False,2020-10-09
C01920,Male,35-44,Kolkata,False,2021-10-24
C01921,Female,45-54,Pune,False,2020-02-08
C01922,Male,25-34,Pune,False,2020-01-17
C01923,Female,35-44,Delhi,False,2020-11-29
C01924,Male,18-24,Pune,True,2020-02-08
C01925,Female,55+,Chennai,False,2021-08-24
C01926,Male,18-24,Jaipur,False,2021-12-14
C01927,Female,25-34,Mumbai,False,2021-12-04
C01928,Female,35-44,Ahmedabad,False,2020-10-30
C01929,Female,35-44,Hyderabad,True,2021-11-18
C01930,Male,18-24,Mumbai,True,2020-02-02
C01931,Female,45-54,Chennai,False,2021-09-20
C01932,Female,18-24,Mumbai,False,2021-05-24
C01933,Female,25-34,Pune,False,2020-05-11
C01934,Female,18-24,Delhi,False,2021-07-26
C01935,Female,25-34,Hyderabad,False,2021-07-08
C01936,Female,25-34,Kolkata,False,2020-09-20
C01937,Male,25-34,Delhi,False,2021-06-14
C01938,Female,18-24,Pune,False,2021-07-27
C01939,Female,18-24,Pune,False,2021-06-30
C01940,Male,25-34,Hyderabad,False,2021-01-08
C01941,Male,35-44,Hyderabad,False,2020-01-27
C01942,Male,45-54,Bangalore,False,2020-05-04
C01943,Female,18-24,Lucknow,False,2021-06-08
C01944,Female,25-34,Lucknow,False,2021-04-11
C01945,Female,18-24,Delhi,False,2021-01-27
C01946,Female,18-24,Kolkata,False,2020-01-18
C01947,Male,35-44,Mumbai,False,2021-08-29
C01948,Male,25-34,Pune,False,2021-04-16
C01949,Male,18-24,Pune,False,2020-07-18
C01950,Male,18-24,Bangalore,False,2020-01-29
C01951,Male,18-24,Delhi,False,2021-09-10
C01952,Male,45-54,Delhi,True,2021-07-20
C01953,Female,55+,Jaipur,False,2021-07-21
C01954,Female,18-24,Hyderabad,False,2021-12-17
C01955,Other,18-24,Kolkata,True,2020-10-17
C01956,Female,45-54,Hyderabad,True,2020-08-30
C01957,Female,45-54,Kolkata,False,2020-10-19
C01958,Male,25-34,Chennai,False,2021-11-10
C01959,Female,18-24,Ahmedabad,False,2021-11-12
C01960,Female,18-24,Lucknow,False,2021-08-01
C01961,Male,25-34,Lucknow,False,2021-06-04
C01962,Male,25-34,Kolkata,False,2020-06-06
C01963,Female,18-24,Lucknow,False,2021-09-07
C01964,Male,25-34,Hyderabad,False,2021-11-30
C01965,Female,18-24,Pune,False,2021-03-20
C01966,Female,35-44,Hyderabad,True,2021-03-04
C01967,Male,25-34,Kolkata,False,2021-02-06
C01968,Male,18-24,Delhi,False,2020-05-08
C01969,Male,25-34,Hyderabad,True,2021-10-22
C01970,Male,25-34,Lucknow,False,2020-08-06
C01971,Male,55+,Bangalore,False,2021-04-30
C01972,Female,25-34,Jaipur,False,2021-05-20
C01973,Male,18-24,Pune,False,2020-02-21
C01974,Female,35-44,Lucknow,False,2021-07-04
C01975,Male,18-24,Bangalore,False,2020-09-19
C01976,Female,45-54,Kolkata,False,2021-06-15
C01977,Male,25-34,Chennai,True,2020-12-27
C01978,Male,25-34,Bangalore,False,2020-06-07
C01979,Female,18-24,Ahmedabad,False,2020-03-29
C01980,Female,25-34,Chennai,True,2020-04-29
C01981,Male,45-54,Mumbai,False,2020-11-03
C01982,Female,35-44,Pune,False,2021-07-04
C01983,Female,18-24,Lucknow,False,2020-09-06
C01984,Female,18-24,Mumbai,False,2020-08-01
C01985,Male,35-44,Hyderabad,False,2021-12-25
C01986,Male,45-54,Kolkata,False,2021-02-15
C01987,Female,18-24,Pune,False,2020-04-26
C01988,Female,25-34,Delhi,False,2021-01-09
C01989,Male,25-34,Chennai,True,2021-05-19
C01990,Female,45-54,Delhi,False,2020-04-05
C01991,Female,18-24,Mumbai,False,2021-09-10
C01992,Male,18-24,Bangalore,False,2021-08-04
C01993,Female,35-44,Bangalore,False,2020-08-18
C01994,Male,18-24,Kolkata,False,2021-04-19
C01995,Female,25-34,Mumbai,True,2020-07-30
C01996,Female,25-34,Jaipur,False,2021-09-08
C01997,Female,25-34,Pune,False,2021-07-01
C01998,Male,25-34,Chennai,False,2021-09-09
C01999,Male,25-34,Bangalore,False,2020-02-06
C02000,Male,18-24,Bangalore,False,2021-03-12
